-- phpMyAdmin SQL Dump
-- version 4.6.6deb5
-- https://www.phpmyadmin.net/
--
-- Хост: localhost:3306
-- Время создания: Ноя 24 2018 г., 20:01
-- Версия сервера: 5.7.24-0ubuntu0.18.04.1
-- Версия PHP: 7.2.10-0ubuntu0.18.04.1

SET SQL_MODE = "NO_AUTO_VALUE_ON_ZERO";
SET time_zone = "+00:00";


/*!40101 SET @OLD_CHARACTER_SET_CLIENT=@@CHARACTER_SET_CLIENT */;
/*!40101 SET @OLD_CHARACTER_SET_RESULTS=@@CHARACTER_SET_RESULTS */;
/*!40101 SET @OLD_COLLATION_CONNECTION=@@COLLATION_CONNECTION */;
/*!40101 SET NAMES utf8mb4 */;

--
-- База данных: `TaxiRentingServiceDB`
--

-- --------------------------------------------------------

--
-- Структура таблицы `battery`
--

CREATE TABLE `battery` (
  `battery_id` int(11) NOT NULL,
  `charge_level` double NOT NULL,
  `maximal_charge` double NOT NULL
) ENGINE=InnoDB DEFAULT CHARSET=utf8;

--
-- Дамп данных таблицы `battery`
--

INSERT INTO `battery` (`battery_id`, `charge_level`, `maximal_charge`) VALUES
(1, 100, 41),
(2, 100, 18),
(3, 100, 40),
(4, 100, 37),
(5, 100, 45),
(6, 100, 37),
(7, 100, 20),
(8, 100, 19),
(9, 100, 41),
(10, 100, 32),
(11, 100, 20),
(12, 100, 46),
(13, 100, 18),
(14, 100, 18),
(15, 100, 23),
(16, 100, 29),
(17, 100, 18),
(18, 100, 42),
(19, 100, 33),
(20, 100, 33),
(21, 100, 21),
(22, 100, 21),
(23, 100, 38),
(24, 100, 46),
(25, 100, 38),
(26, 100, 22),
(27, 100, 42),
(28, 100, 28),
(29, 100, 30),
(30, 32, 24),
(31, 100, 23),
(32, 100, 40),
(33, 100, 45),
(34, 100, 28),
(35, 100, 47),
(36, 100, 20),
(37, 100, 39),
(38, 100, 30),
(39, 100, 40),
(40, 100, 20),
(41, 100, 38),
(42, 100, 42),
(43, 100, 24),
(44, 100, 37),
(45, 100, 36),
(46, 78, 45),
(47, 73, 46),
(48, 100, 46),
(49, 100, 29),
(50, 100, 46);

-- --------------------------------------------------------

--
-- Структура таблицы `car`
--

CREATE TABLE `car` (
  `license_plate` text NOT NULL,
  `model_id` int(11) NOT NULL,
  `battery_id` int(11) NOT NULL,
  `insurance_id` text NOT NULL,
  `color` text NOT NULL,
  `is_smoking_allowed` int(11) NOT NULL
) ENGINE=InnoDB DEFAULT CHARSET=utf8;

--
-- Дамп данных таблицы `car`
--

INSERT INTO `car` (`license_plate`, `model_id`, `battery_id`, `insurance_id`, `color`, `is_smoking_allowed`) VALUES
('0353223', 10, 40, '1025731754', 'hot pink', 0),
('0VZ5NUW', 8, 28, '7074445495', 'brown', 1),
('175L0Y0', 4, 44, '1262139151', 'gold', 0),
('1BOD732', 4, 27, '8548650943', 'yellow', 1),
('24ZY0I7', 6, 48, '5037011251', 'hot pink', 1),
('2LH5VH1', 4, 36, '9639517578', 'gold', 1),
('2OJ0C81', 6, 42, '4662230063', 'white', 0),
('33JFK0W', 8, 8, '5481890394', 'orange', 0),
('3O4CX24', 9, 7, '5446324316', 'silver', 0),
('42190Y7', 2, 35, '5866468752', 'pink', 0),
('4R5NL76', 9, 4, '1133548136', 'red', 1),
('5896PPO', 1, 12, '8329527379', 'grey', 0),
('58M7132', 3, 15, '9909603375', 'hot pink', 0),
('5AZ8TK4', 5, 31, '9623918893', 'red', 1),
('5BS76S2', 4, 2, '4845826170', 'metallic blue', 0),
('61CV971', 10, 49, '4114866734', 'midnight blue', 1),
('644LZ5V', 8, 43, '1914259246', 'magenta', 1),
('654F7QS', 2, 32, '3734744069', 'brown', 1),
('6GT7I8K', 6, 26, '6180947375', 'metallic red', 0),
('8594E2J', 9, 46, '7868987783', 'orange', 1),
('85HPYM7', 5, 25, '7637925043', 'grey', 0),
('86ZE6XR', 5, 38, '6975358779', 'blue', 1),
('8X5B9FA', 5, 33, '2968987346', 'blue', 0),
('9068441', 8, 9, '4819806629', 'grabber blue', 1),
('AR8LSK2', 2, 23, '9639778835', 'grabber blue', 0),
('DD36N44', 4, 22, '3597603725', 'purple', 1),
('FF71KW8', 9, 47, '5847941379', 'black', 1),
('G8RTSM9', 9, 10, '9651639023', 'red', 1),
('H9Y645B', 10, 29, '3842201542', 'yellow', 0),
('HR16X4L', 1, 19, '4211933095', 'magenta', 0),
('J628L18', 10, 30, '6426740793', 'hot pink', 0),
('JW21OBN', 7, 17, '7957319186', 'black', 1),
('KO3E9W8', 10, 11, '2847758283', 'metallic red', 1),
('L54404Q', 3, 13, '6628414533', 'gold', 0),
('M7CJHOM', 9, 6, '8232214808', 'red', 1),
('NF9N912', 5, 41, '3097193449', 'black', 1),
('OL1EJQ4', 10, 34, '8427444016', 'brown', 0),
('P2DH6X7', 2, 1, '9346659751', 'green', 1),
('P30PWH2', 2, 5, '5986282606', 'silver', 1),
('QB7FKE6', 7, 16, '1285442337', 'hot pink', 0),
('R231Q7G', 5, 45, '1415290795', 'orange', 1),
('S47RCD0', 5, 18, '1997539953', 'orange', 1),
('TJCCEW7', 5, 37, '4875395876', 'green', 0),
('ULAJ7GT', 1, 21, '9848235656', 'white', 1),
('V5428NY', 6, 20, '8900173292', 'blue', 1),
('W3FFOV8', 10, 39, '3521158171', 'red', 0),
('W4RXBAR', 10, 14, '9869554232', 'silver', 0),
('X35Z1MJ', 9, 50, '2892205339', 'metallic blue', 0),
('Z6631DO', 9, 24, '3933439796', 'grabber blue', 1),
('ZA146HD', 5, 3, '6343394533', 'white', 0);

-- --------------------------------------------------------

--
-- Структура таблицы `car_assigned_to_order`
--

CREATE TABLE `car_assigned_to_order` (
  `order_id` int(11) NOT NULL,
  `assigned_car` text NOT NULL
) ENGINE=InnoDB DEFAULT CHARSET=utf8;

--
-- Дамп данных таблицы `car_assigned_to_order`
--

INSERT INTO `car_assigned_to_order` (`order_id`, `assigned_car`) VALUES
(32, '9068441'),
(34, '0VZ5NUW'),
(33, 'X35Z1MJ'),
(35, 'Z6631DO'),
(38, '0353223'),
(41, 'P30PWH2'),
(39, '42190Y7'),
(43, '61CV971'),
(44, 'DD36N44'),
(46, 'X35Z1MJ'),
(48, 'G8RTSM9'),
(49, 'ZA146HD'),
(50, 'J628L18'),
(51, 'W3FFOV8'),
(56, '1BOD732'),
(53, '86ZE6XR'),
(59, 'L54404Q'),
(58, 'KO3E9W8'),
(57, '654F7QS'),
(65, 'S47RCD0'),
(55, '85HPYM7'),
(67, 'G8RTSM9'),
(62, '61CV971'),
(54, '33JFK0W'),
(71, '3O4CX24'),
(77, 'ZA146HD'),
(68, 'G8RTSM9'),
(76, 'P30PWH2'),
(81, 'NF9N912'),
(72, '5BS76S2'),
(83, '5AZ8TK4'),
(78, 'J628L18'),
(85, '175L0Y0'),
(80, 'OL1EJQ4'),
(79, '8594E2J'),
(86, '42190Y7'),
(75, '8594E2J'),
(93, '2LH5VH1'),
(94, '1BOD732'),
(66, 'W4RXBAR'),
(63, 'W3FFOV8'),
(74, '85HPYM7'),
(101, 'DD36N44'),
(98, 'V5428NY'),
(91, 'R231Q7G'),
(100, 'M7CJHOM'),
(109, 'ULAJ7GT'),
(64, '3O4CX24'),
(99, 'W4RXBAR'),
(107, 'HR16X4L'),
(96, 'FF71KW8'),
(103, 'L54404Q'),
(90, '0VZ5NUW'),
(102, 'P2DH6X7'),
(106, '644LZ5V'),
(89, 'JW21OBN'),
(113, 'H9Y645B'),
(116, 'AR8LSK2'),
(119, '85HPYM7'),
(128, '644LZ5V'),
(131, '8X5B9FA'),
(121, '5BS76S2'),
(129, 'NF9N912'),
(122, '2LH5VH1'),
(120, '33JFK0W'),
(124, '0VZ5NUW'),
(127, 'J628L18'),
(118, 'P30PWH2'),
(123, '1BOD732'),
(132, '2OJ0C81'),
(133, 'P2DH6X7'),
(134, 'W3FFOV8'),
(136, 'Z6631DO'),
(140, 'FF71KW8'),
(137, '42190Y7'),
(143, 'NF9N912'),
(144, 'HR16X4L'),
(147, '0353223'),
(146, 'W4RXBAR'),
(151, '9068441'),
(152, '2OJ0C81'),
(157, '24ZY0I7'),
(148, '4R5NL76'),
(149, 'R231Q7G'),
(159, 'KO3E9W8'),
(161, 'G8RTSM9'),
(145, '58M7132'),
(158, '5896PPO'),
(165, 'DD36N44'),
(153, 'P2DH6X7'),
(154, '86ZE6XR'),
(168, '61CV971'),
(162, '5AZ8TK4'),
(164, '24ZY0I7'),
(172, '33JFK0W'),
(174, 'L54404Q'),
(170, 'W3FFOV8'),
(173, 'X35Z1MJ'),
(175, 'AR8LSK2'),
(178, 'ZA146HD'),
(177, '644LZ5V'),
(176, 'G8RTSM9'),
(182, '85HPYM7'),
(180, 'P30PWH2'),
(183, 'JW21OBN'),
(185, '8594E2J'),
(186, 'AR8LSK2'),
(187, '2OJ0C81'),
(189, 'QB7FKE6'),
(194, '58M7132'),
(192, 'V5428NY'),
(191, '3O4CX24'),
(193, 'H9Y645B'),
(196, '5BS76S2'),
(197, '0VZ5NUW'),
(188, '86ZE6XR');

-- --------------------------------------------------------

--
-- Структура таблицы `car_availability`
--

CREATE TABLE `car_availability` (
  `license_plate` text NOT NULL,
  `available` int(11) NOT NULL
) ENGINE=InnoDB DEFAULT CHARSET=utf8;

--
-- Дамп данных таблицы `car_availability`
--

INSERT INTO `car_availability` (`license_plate`, `available`) VALUES
('P2DH6X7', 1),
('5BS76S2', 0),
('ZA146HD', 1),
('4R5NL76', 1),
('P30PWH2', 1),
('M7CJHOM', 1),
('3O4CX24', 0),
('33JFK0W', 0),
('9068441', 0),
('G8RTSM9', 0),
('KO3E9W8', 0),
('5896PPO', 1),
('L54404Q', 0),
('W4RXBAR', 0),
('58M7132', 0),
('QB7FKE6', 0),
('JW21OBN', 0),
('S47RCD0', 1),
('HR16X4L', 0),
('V5428NY', 0),
('ULAJ7GT', 1),
('DD36N44', 0),
('AR8LSK2', 0),
('Z6631DO', 1),
('85HPYM7', 0),
('6GT7I8K', 1),
('1BOD732', 1),
('0VZ5NUW', 0),
('H9Y645B', 0),
('J628L18', 1),
('5AZ8TK4', 1),
('654F7QS', 1),
('8X5B9FA', 1),
('OL1EJQ4', 1),
('42190Y7', 0),
('2LH5VH1', 0),
('TJCCEW7', 1),
('86ZE6XR', 0),
('W3FFOV8', 0),
('0353223', 1),
('NF9N912', 0),
('2OJ0C81', 0),
('644LZ5V', 0),
('175L0Y0', 1),
('R231Q7G', 0),
('8594E2J', 1),
('FF71KW8', 1),
('24ZY0I7', 1),
('61CV971', 1),
('X35Z1MJ', 1);

-- --------------------------------------------------------

--
-- Структура таблицы `car_location`
--

CREATE TABLE `car_location` (
  `car_license_plate` text NOT NULL,
  `location` int(11) NOT NULL
) ENGINE=InnoDB DEFAULT CHARSET=utf8;

-- --------------------------------------------------------

--
-- Структура таблицы `car_sensors_state`
--

CREATE TABLE `car_sensors_state` (
  `car_license_plate` text NOT NULL,
  `is_emergency_sensor_triggered` int(11) NOT NULL
) ENGINE=MyISAM DEFAULT CHARSET=utf8;

-- --------------------------------------------------------

--
-- Структура таблицы `charge_station`
--

CREATE TABLE `charge_station` (
  `station_id` int(11) NOT NULL,
  `location` text NOT NULL,
  `price_of_charging_per_hour` int(11) NOT NULL
) ENGINE=InnoDB DEFAULT CHARSET=utf8;

--
-- Дамп данных таблицы `charge_station`
--

INSERT INTO `charge_station` (`station_id`, `location`, `price_of_charging_per_hour`) VALUES
(1, '158, Main Street, Vladivostok', 24),
(2, '241, Saints Boulevard, Paris', 22),
(3, '312, Hasselhoff Street, Barnaul', 15),
(4, '212, Saints Boulevard, Helsinki', 24),
(5, '204, Main Street, Baltimore', 10),
(6, '67, Dix Road, Rome', 22),
(7, '147, Dix Road, Barcelona', 14),
(8, '102, Old Venturas Strip, Vladivostok', 21),
(9, '132, Market Boulevard, Paris', 21),
(10, '220, 6th Street, Osaka', 15),
(11, '252, Dix Road, Madrid', 23),
(12, '130, 6th Street, London', 18),
(13, '9, Hasselhoff Street, Rome', 15),
(14, '141, Mulholland Drive, Kazan', 11),
(15, '118, Dix Road, Bogotá', 12),
(16, '283, Main Street, Novosibirsk', 12),
(17, '257, Grove Street, Madrid', 10),
(18, '4, Las Venturas Boulevard, Rome', 22),
(19, '297, Market Boulevard, Paris', 18),
(20, '86, 6th Street, Baltimore', 23);

-- --------------------------------------------------------

--
-- Структура таблицы `customer`
--

CREATE TABLE `customer` (
  `customer_id` int(11) NOT NULL,
  `rating` double NOT NULL
) ENGINE=InnoDB DEFAULT CHARSET=utf8;

--
-- Дамп данных таблицы `customer`
--

INSERT INTO `customer` (`customer_id`, `rating`) VALUES
(1, 4.56),
(10000, 1.63),
(10001, 1.41),
(10003, 3.11),
(10004, 4.28),
(10005, 4.71),
(10007, 3.58),
(10008, 2.24),
(10009, 3.36),
(10010, 0.02),
(10011, 1.22),
(10013, 0.41),
(10014, 3.08),
(10015, 0.41),
(10016, 1.06),
(10017, 4.18),
(10018, 1.05),
(10020, 0.86),
(10021, 3.63),
(10022, 0.77),
(10024, 2.06),
(10025, 0.96),
(10026, 1.06),
(10027, 2.3),
(10028, 3.99),
(10029, 3.65),
(10030, 4.74),
(10031, 4.79),
(10032, 0.75),
(10033, 2.63),
(10034, 3.89),
(10035, 3.46),
(10036, 1.2),
(10037, 2.23),
(10038, 0.18),
(10039, 0.56),
(10040, 1.43),
(10041, 0.38),
(10042, 2.76),
(10043, 4.98),
(10044, 4.52),
(10045, 3.67),
(10046, 3.48),
(10047, 0.63),
(10048, 1.06),
(10049, 3.37),
(10050, 1.71),
(10052, 4.97),
(10053, 1.08),
(10054, 2.38),
(10055, 0.7),
(10056, 4.44),
(10057, 3.66),
(10059, 0.92),
(10060, 1.37),
(10061, 0.46),
(10062, 0.81),
(10063, 0.83),
(10066, 2),
(10067, 2.03),
(10068, 1.87),
(10069, 2.94),
(10070, 3.89),
(10071, 1.77),
(10072, 1.32),
(10073, 1.34),
(10074, 1.23),
(10075, 4.57),
(10076, 2.05),
(10077, 3.05),
(10078, 0.42),
(10079, 0.32),
(10080, 2.35),
(10081, 4.17),
(10082, 1.83),
(10083, 4.79),
(10084, 1.59),
(10085, 3.73),
(10086, 3.47),
(10087, 3.94),
(10088, 4.69),
(10089, 3.88),
(10090, 1.53),
(10091, 0.51),
(10092, 4.51),
(10093, 0.39),
(10094, 0.22),
(10095, 2.73),
(10096, 0.44),
(10097, 0.14),
(10098, 3.27),
(10099, 0.18),
(10100, 2.48),
(10101, 1.34),
(10102, 3.93),
(10103, 4.59),
(10104, 4.78),
(10105, 3.45),
(10106, 2.72),
(10107, 1.56),
(10108, 1.34),
(10109, 4.21),
(10110, 3.92),
(10111, 0.77),
(10112, 1.9),
(10113, 2.53),
(10114, 0.68),
(10115, 2.87),
(10116, 4.22),
(10117, 0.55),
(10118, 4.35),
(10119, 2.75),
(10120, 4.91),
(10122, 3),
(10124, 3.45),
(10125, 3.45),
(10126, 4),
(10127, 2.49),
(10130, 4.03),
(10131, 3.64),
(10132, 1.17),
(10133, 3.21),
(10134, 3.52),
(10135, 2.84),
(10136, 1.98),
(10137, 1.54),
(10139, 3.76),
(10140, 4.25),
(10141, 3.3),
(10142, 2.31),
(10143, 0.4),
(10145, 2.35),
(10146, 0.72),
(10147, 1.2),
(10148, 2.95),
(10149, 0.58),
(10150, 2.71),
(10151, 0.01),
(10152, 4.07),
(10153, 4.13),
(10154, 0.42),
(10155, 0.09),
(10156, 4.99),
(10158, 1.85),
(10159, 3.67),
(10160, 2.8),
(10162, 2.69),
(10163, 3.08),
(10164, 4.93),
(10166, 4.83),
(10169, 2.85),
(10170, 3.53),
(10171, 3.76),
(10172, 4.73),
(10173, 4.65),
(10174, 1.72),
(10176, 3.88),
(10177, 2.84),
(10178, 1.65),
(10179, 4.04),
(10180, 1.56),
(10181, 4.3),
(10182, 2.62),
(10184, 2.72),
(10185, 0.1),
(10186, 0.67),
(10187, 3.44),
(10188, 1.42),
(10190, 2.26),
(10191, 0.63),
(10192, 4.96),
(10194, 1.72),
(10195, 1.78),
(10196, 3.05),
(10197, 0.86),
(10198, 4.05),
(10200, 3.42),
(10201, 2.24),
(10202, 5),
(10203, 0.27),
(10204, 3.14),
(10205, 1.48),
(10206, 0.08),
(10208, 3.07),
(10209, 0.98),
(10210, 4.14),
(10211, 0.76),
(10212, 4.53),
(10213, 0.25),
(10214, 2.02),
(10215, 2.21),
(10217, 1.94),
(10218, 0.41),
(10219, 0.07),
(10223, 4.11),
(10224, 3.56),
(10225, 3.07),
(10226, 3.85),
(10227, 3.81),
(10229, 4.21),
(10231, 0.33),
(10232, 4.11),
(10233, 4.76),
(10234, 0.3),
(10235, 0.28),
(10237, 0.25),
(10238, 3.98),
(10239, 1.48),
(10240, 1.12),
(10242, 2.72),
(10243, 4.71),
(10244, 0.48),
(10246, 1.17),
(10247, 2.01),
(10248, 0.47),
(10249, 0.37),
(10250, 3.77),
(10253, 2.36),
(10254, 4.71),
(10255, 3),
(10256, 2.93),
(10257, 2.48),
(10258, 2.28),
(10259, 4.36),
(10260, 2.74),
(10261, 0.43),
(10262, 1.29),
(10263, 0.03),
(10264, 0.59),
(10265, 2.75),
(10266, 3.73),
(10267, 1.42),
(10268, 1.44),
(10269, 3.77),
(10270, 3.36),
(10271, 4.5),
(10273, 0.05),
(10274, 4.43),
(10275, 3.81),
(10276, 0.23),
(10277, 4.04),
(10280, 3.59),
(10281, 0.86),
(10282, 3.43),
(10283, 0.88),
(10284, 1.12),
(10286, 3.84),
(10287, 1.92),
(10288, 0.78),
(10289, 4.52),
(10290, 4.31),
(10291, 2.29),
(10292, 2.57),
(10294, 3.12),
(10295, 3.11),
(10297, 2.47),
(10298, 0.85),
(10299, 1.73),
(10300, 0.38),
(10301, 3.21),
(10303, 1),
(10304, 3),
(10305, 2.86),
(10306, 0.17),
(10307, 1.64),
(10309, 2.02),
(10311, 1.6),
(10314, 2.36),
(10315, 2.92),
(10316, 4.68),
(10318, 2.96),
(10320, 1.83),
(10322, 2.47),
(10324, 4.47),
(10325, 1.79),
(10326, 0.49),
(10327, 4.54),
(10329, 4.16),
(10331, 3.16),
(10332, 0.34),
(10333, 4.94),
(10335, 2.3),
(10337, 0.39),
(10338, 2.73),
(10339, 4.47),
(10342, 1.38),
(10346, 0.44),
(10347, 0.39),
(10351, 2.99),
(10352, 3.58),
(10353, 1.15),
(10355, 1.54),
(10356, 0.63),
(10358, 2.96),
(10359, 0.82),
(10362, 2),
(10363, 0.54),
(10364, 4.96),
(10365, 4.67),
(10366, 0.6),
(10369, 3.94),
(10370, 4.53),
(10371, 2.54),
(10373, 1.13),
(10374, 4.27),
(10376, 0.07),
(10377, 0.45),
(10378, 0.42),
(10379, 3.5),
(10380, 3.04),
(10381, 0.64),
(10384, 0.32),
(10385, 4.82),
(10386, 0.95),
(10387, 2.59),
(10388, 4.52),
(10389, 3.23),
(10391, 3.47),
(10392, 0.68),
(10394, 2.56),
(10396, 1.65),
(10397, 1.27),
(10401, 0.88),
(10402, 1.86),
(10406, 1.89),
(10407, 2.47),
(10408, 0.64),
(10411, 4.34),
(10412, 1.31),
(10414, 4.58),
(10417, 1.66),
(10418, 1.76),
(10419, 4.76),
(10420, 2.78),
(10422, 2.3),
(10423, 2.38),
(10424, 3.87),
(10425, 3.23),
(10427, 4.93),
(10429, 4.35),
(10431, 1.55),
(10432, 3.53),
(10433, 3.74),
(10434, 4.54),
(10437, 3.41),
(10438, 4.36),
(10440, 4.85),
(10441, 1.99),
(10442, 1.23),
(10443, 4.24),
(10445, 1.73),
(10447, 3.32),
(10448, 3.4),
(10449, 0.91),
(10450, 0.76),
(10451, 1.33),
(10452, 0.15),
(10457, 0.23),
(10458, 2.82),
(10459, 2.45),
(10462, 1.04),
(10463, 0.79),
(10464, 3.32),
(10465, 3.27),
(10466, 3.48),
(10469, 1.95),
(10470, 1.26),
(10471, 3.78),
(10473, 4.52),
(10474, 2.67),
(10475, 2.43),
(10476, 2.89),
(10477, 1.25),
(10478, 1.62),
(10480, 1.59),
(10481, 4.36),
(10484, 1.83),
(10485, 4.63),
(10486, 1.52),
(10487, 4.02),
(10488, 3.64),
(10489, 4.56),
(10490, 1.01),
(10491, 2.84),
(10492, 3.67),
(10495, 3.46),
(10496, 0.83),
(10497, 4.2),
(10499, 3.62),
(10501, 2.12),
(10502, 0.8),
(10503, 2.38),
(10506, 0.47),
(10508, 4.37),
(10511, 0.17),
(10512, 2.51),
(10514, 2.66),
(10515, 2.18),
(10516, 1.39),
(10518, 1.19),
(10521, 0.07),
(10522, 3.3),
(10523, 2.77),
(10524, 0.25),
(10525, 4.49),
(10527, 0.87),
(10528, 0.62),
(10530, 4.61),
(10532, 1.52),
(10534, 1.9),
(10536, 1.52),
(10537, 3.69),
(10539, 4.14),
(10540, 0.03),
(10542, 1.39),
(10543, 1.67),
(10544, 0.22),
(10545, 4.05),
(10546, 3),
(10547, 4.99),
(10548, 1.89),
(10549, 2.4),
(10552, 2.83),
(10553, 2.76),
(10555, 4.45),
(10556, 3.54),
(10560, 0.68),
(10561, 3.37),
(10563, 1.98),
(10565, 3.39),
(10568, 0.3),
(10570, 1.38),
(10571, 2.98),
(10572, 4.24),
(10573, 0.64),
(10575, 4.11),
(10576, 0.8),
(10578, 2.79),
(10581, 0.54),
(10582, 0.92),
(10584, 2.78),
(10585, 0.82),
(10586, 1.23),
(10587, 0.45),
(10589, 4.68),
(10590, 2.48),
(10591, 4.36),
(10594, 4.47),
(10595, 1.36),
(10596, 2.83),
(10597, 4.27),
(10598, 4.45),
(10599, 3.35),
(10600, 2.39),
(10602, 4.86),
(10603, 4.33),
(10605, 0.46),
(10606, 4.13),
(10609, 3.11),
(10610, 0.09),
(10611, 2.28),
(10612, 1.61),
(10613, 3.83),
(10614, 4.82),
(10616, 3.8),
(10617, 1.21),
(10622, 2.84),
(10623, 0.71),
(10624, 4.57),
(10626, 2.94),
(10627, 2.93),
(10628, 0.42),
(10629, 3.76),
(10630, 2.09),
(10632, 2.95),
(10633, 1.53),
(10635, 2.73),
(10636, 0.49),
(10638, 0.75),
(10639, 0.86),
(10640, 2.55),
(10642, 3.46),
(10643, 1.81),
(10644, 1.54),
(10645, 4.77),
(10647, 3.89),
(10649, 3.98),
(10650, 0.69),
(10651, 4.25),
(10652, 3.42),
(10654, 0.21),
(10655, 4.75),
(10656, 2.96),
(10659, 4.13),
(10660, 3.12),
(10661, 2.06),
(10662, 2.85),
(10663, 2.39),
(10664, 3.75),
(10666, 0.34),
(10668, 0.01),
(10669, 4.06),
(10671, 1.64),
(10672, 4.38),
(10673, 2.22),
(10674, 3.68),
(10675, 3.46),
(10679, 1.56),
(10681, 4.93),
(10682, 0.42),
(10683, 0.67),
(10684, 3.87),
(10685, 2.68),
(10688, 0.6),
(10689, 4.83),
(10690, 0.34),
(10692, 4.78),
(10694, 0.74),
(10695, 0.31),
(10697, 3.53),
(10700, 4.48),
(10702, 1.32),
(10704, 3.83),
(10706, 0.2),
(10707, 2.28),
(10709, 4.07),
(10712, 0.48),
(10713, 3.94),
(10715, 4.38),
(10716, 3.01),
(10718, 1.67),
(10719, 4.18),
(10720, 0.61),
(10722, 2.28),
(10723, 4.88),
(10724, 2.16),
(10725, 1.21),
(10726, 3.54),
(10729, 1.98),
(10730, 2.84),
(10732, 4.23),
(10733, 4.58),
(10734, 4.49),
(10735, 2.01),
(10736, 2.5),
(10737, 4.01),
(10738, 1.71),
(10739, 2.22),
(10740, 4.92),
(10741, 4.63),
(10744, 0.52),
(10745, 2.34),
(10746, 1.48),
(10747, 4.89),
(10748, 1.47),
(10752, 4.65),
(10753, 1.38),
(10754, 2.42),
(10755, 1.47),
(10758, 0.43),
(10759, 4.68),
(10761, 4.87),
(10762, 2.1),
(10764, 2.91),
(10765, 0.82),
(10766, 3.8),
(10767, 1.85),
(10769, 3.21),
(10771, 0.94),
(10772, 4.84),
(10775, 1.74),
(10778, 4.14),
(10779, 3.32),
(10780, 4.1),
(10781, 4.16),
(10782, 0.68),
(10783, 4.38),
(10786, 0.16),
(10789, 4.29),
(10790, 3.85),
(10793, 1.84),
(10794, 0.21),
(10795, 4.26),
(10796, 0.75),
(10797, 4.16),
(10798, 1.97),
(10800, 1.23),
(10801, 2.11),
(10802, 2.22),
(10803, 4.09),
(10804, 4.97),
(10805, 0.61),
(10806, 4.77),
(10808, 4.17),
(10809, 3.49),
(10810, 0.82),
(10811, 4.11),
(10812, 2.43),
(10813, 0.42),
(10815, 2.23),
(10817, 4.71),
(10820, 2.86),
(10822, 2.29),
(10824, 2.32),
(10826, 1.33),
(10828, 4.22),
(10830, 1.08),
(10831, 1.97),
(10832, 2.2),
(10833, 4.75),
(10837, 0.87),
(10838, 0.99),
(10840, 0.31),
(10841, 3.21),
(10842, 0.66),
(10845, 3.95),
(10849, 2.28),
(10850, 0.66),
(10851, 4.47),
(10853, 2.26),
(10854, 3.37),
(10855, 2.69),
(10857, 1.79),
(10858, 0.46),
(10859, 0.21),
(10861, 0.35),
(10864, 1.28),
(10867, 2.8),
(10869, 0.16),
(10871, 0.93),
(10872, 2.83),
(10873, 2.75),
(10876, 0.67),
(10877, 3.14),
(10878, 0.93),
(10879, 4.13),
(10882, 0.27),
(10883, 2.84),
(10885, 1.84),
(10887, 3.35),
(10888, 0.23),
(10889, 2.83),
(10891, 3.04),
(10892, 1.41),
(10896, 4.13),
(10897, 4.12),
(10899, 0.14),
(10900, 1.38),
(10902, 0.06),
(10903, 3.18),
(10904, 2.75),
(10907, 0.72),
(10908, 3.51),
(10909, 3.8),
(10910, 4.19),
(10912, 0.46),
(10914, 0.27),
(10915, 1.65),
(10916, 4.92),
(10917, 1.68),
(10919, 1.45),
(10922, 0.63),
(10926, 1.09),
(10927, 1.5),
(10928, 4.26),
(10931, 1.79),
(10933, 3.33),
(10934, 0.65),
(10937, 1.91),
(10939, 4.39),
(10941, 3.8),
(10944, 1.39),
(10946, 0.81),
(10947, 1.48),
(10948, 3.16),
(10949, 2.27),
(10951, 3.02),
(10953, 3.5),
(10956, 1.65),
(10957, 4.26),
(10958, 1.1),
(10960, 0.91),
(10962, 2.07),
(10963, 2.97),
(10964, 2.55),
(10966, 3.95),
(10968, 1.12),
(10971, 4.06),
(10972, 4.69),
(10975, 1.9),
(10977, 4.31),
(10978, 2),
(10982, 2.27),
(10983, 0.62),
(10984, 4.69),
(10985, 3.9),
(10986, 1.84),
(10987, 0.97),
(10988, 4.31),
(10990, 0.69),
(10991, 3.5),
(10994, 0.9),
(10995, 0.87),
(11002, 0.39),
(11004, 4.57),
(11009, 2.21),
(11010, 1.44),
(11015, 3.12),
(11016, 2.46),
(11018, 2.02),
(11019, 3.9),
(11021, 3.21),
(11022, 4.41),
(11024, 2.46),
(11025, 3.61),
(11026, 2.82),
(11028, 2.77),
(11029, 2.46),
(11031, 2.29),
(11033, 3.25),
(11034, 1.1),
(11037, 2.47),
(11038, 2.78),
(11041, 2.21),
(11043, 4.89),
(11044, 3.6),
(11046, 3.2),
(11050, 1.83),
(11055, 0.1),
(11056, 0.19),
(11058, 0.69),
(11060, 1.11),
(11061, 0.67),
(11062, 0.92),
(11064, 0.61),
(11065, 1.46),
(11066, 3.82),
(11068, 2.25),
(11069, 0.63),
(11072, 4.39),
(11075, 1.53),
(11079, 3.39),
(11082, 1.17),
(11083, 3.69),
(11084, 2.3),
(11085, 1.08),
(11086, 3.02),
(11088, 2.82),
(11090, 0.03),
(11091, 4.17),
(11092, 3.06),
(11093, 0.5),
(11095, 4.02),
(11098, 3.43),
(11099, 2.7),
(11101, 0.36),
(11102, 2.82),
(11105, 2.36),
(11107, 1.68),
(11108, 2.1),
(11109, 4.14),
(11113, 0.15),
(11114, 3.4),
(11115, 2.3),
(11117, 2.04),
(11120, 1.75),
(11121, 4.29),
(11124, 2.7),
(11125, 0.83),
(11127, 3.48),
(11129, 2.5),
(11130, 3.11),
(11135, 2.41),
(11136, 2.37),
(11137, 4.46),
(11141, 2.65),
(11142, 4.37),
(11144, 4.22),
(11145, 1.54),
(11146, 0.01),
(11149, 0.8),
(11150, 1.62),
(11152, 1.2),
(11153, 2.83),
(11154, 1.2),
(11155, 2.94),
(11158, 0.11),
(11162, 3.17),
(11163, 2.97),
(11169, 0.18),
(11170, 2.74),
(11172, 3.28),
(11173, 1.18),
(11174, 1.08),
(11175, 3.49),
(11176, 1.96),
(11179, 0.68),
(11180, 4.16),
(11182, 2.72),
(11183, 4.53),
(11184, 0.66),
(11186, 1.93),
(11187, 0.19),
(11190, 4.69),
(11192, 2.97),
(11195, 3.16),
(11198, 2.13),
(11199, 4.19),
(11200, 1.58),
(11201, 1.5),
(11202, 2.93),
(11203, 0.67),
(11204, 2.34),
(11206, 0.74),
(11207, 1.81),
(11208, 4.36),
(11214, 3.62),
(11215, 3.85),
(11218, 1.94),
(11219, 3.62),
(11220, 3.84),
(11221, 1.56),
(11224, 4.31),
(11225, 0.61),
(11227, 4.09),
(11228, 4.78),
(11230, 4.34),
(11231, 3.02),
(11232, 1.12),
(11235, 2.86),
(11236, 2.85),
(11239, 3.28),
(11240, 2.42),
(11241, 2.74),
(11251, 2.24),
(11255, 3.27),
(11256, 4.64),
(11257, 4.27),
(11259, 0.93),
(11263, 1.41),
(11266, 0.7),
(11270, 2.03),
(11271, 1.6),
(11273, 4.43),
(11274, 4.03),
(11275, 1.69),
(11276, 2.56),
(11278, 3.76),
(11281, 0.23),
(11282, 0.38),
(11285, 1.41),
(11286, 2.96),
(11287, 4.31),
(11288, 1.66),
(11289, 0.7),
(11297, 0.81),
(11298, 4.94),
(11303, 2.38),
(11304, 3.55),
(11308, 3.48),
(11309, 4.04),
(11312, 4.6),
(11317, 4.7),
(11318, 0.46),
(11320, 0.91),
(11323, 4.17),
(11324, 2.22),
(11325, 1.61),
(11327, 2.59),
(11329, 2.86),
(11330, 4.3),
(11332, 3.59),
(11337, 3.34),
(11339, 4.93),
(11342, 4.91),
(11344, 2.94),
(11345, 4.9),
(11346, 4.61),
(11349, 1.6),
(11351, 4.3),
(11353, 3.93),
(11354, 2.71),
(11358, 4.27),
(11359, 2.48),
(11360, 2.91),
(11361, 3.64),
(11363, 2.8),
(11364, 4.35),
(11366, 3.64),
(11367, 2.76),
(11369, 3.82),
(11370, 0.77),
(11373, 2.52),
(11374, 3.01),
(11375, 3.28),
(11384, 1.01),
(11385, 1.07),
(11390, 5),
(11395, 2.67),
(11396, 3.41),
(11401, 3.25),
(11402, 0.84),
(11404, 2.52),
(11407, 2.22),
(11409, 2.12),
(11411, 1.72);

-- --------------------------------------------------------

--
-- Структура таблицы `customer_family_members`
--

CREATE TABLE `customer_family_members` (
  `customer_id` int(11) NOT NULL,
  `family_member` text NOT NULL
) ENGINE=InnoDB DEFAULT CHARSET=utf8;

-- --------------------------------------------------------

--
-- Структура таблицы `customer_precedents_history`
--

CREATE TABLE `customer_precedents_history` (
  `customer_id` int(11) NOT NULL,
  `precedent` text NOT NULL
) ENGINE=InnoDB DEFAULT CHARSET=utf8;

-- --------------------------------------------------------

--
-- Структура таблицы `hr_worker`
--

CREATE TABLE `hr_worker` (
  `hr_worker_id` int(11) NOT NULL,
  `department_address` text NOT NULL
) ENGINE=InnoDB DEFAULT CHARSET=utf8;

-- --------------------------------------------------------

--
-- Структура таблицы `maitenance_check`
--

CREATE TABLE `maitenance_check` (
  `check_id` int(11) NOT NULL,
  `workshop_id` int(11) NOT NULL,
  `car_license_plate` text NOT NULL,
  `work_cost` double NOT NULL,
  `date_of_check` datetime NOT NULL,
  `car_condition` text
) ENGINE=InnoDB DEFAULT CHARSET=utf8;

--
-- Дамп данных таблицы `maitenance_check`
--

INSERT INTO `maitenance_check` (`check_id`, `workshop_id`, `car_license_plate`, `work_cost`, `date_of_check`, `car_condition`) VALUES
(1, 2, 'KO3E9W8', 485, '2017-11-24 19:45:20', NULL),
(2, 2, 'ZA146HD', 598, '2017-11-24 19:55:43', NULL),
(3, 2, 'KO3E9W8', 575, '2017-11-24 20:11:06', NULL),
(4, 4, 'QB7FKE6', 600, '2017-11-24 20:16:53', NULL),
(5, 4, 'HR16X4L', 493, '2017-11-24 20:19:20', NULL),
(6, 2, 'M7CJHOM', 477, '2017-11-24 20:20:28', NULL),
(7, 3, '86ZE6XR', 586, '2017-11-24 20:23:54', NULL),
(8, 2, 'JW21OBN', 511, '2017-11-24 20:43:29', NULL),
(9, 1, '4R5NL76', 568, '2017-11-24 20:50:31', NULL),
(10, 3, 'DD36N44', 513, '2017-11-24 21:06:47', NULL),
(11, 1, 'W3FFOV8', 480, '2017-11-24 21:22:34', NULL),
(12, 2, '5BS76S2', 432, '2017-11-24 21:50:16', NULL),
(13, 2, 'ULAJ7GT', 507, '2017-11-24 21:58:16', NULL),
(14, 4, '5BS76S2', 451, '2017-11-24 21:59:56', NULL),
(15, 4, 'AR8LSK2', 514, '2017-11-24 22:13:57', NULL),
(16, 2, '654F7QS', 548, '2017-11-24 22:45:56', NULL),
(17, 2, '3O4CX24', 428, '2017-11-24 22:53:55', NULL),
(18, 4, '6GT7I8K', 430, '2017-11-24 23:57:46', NULL),
(19, 3, 'L54404Q', 544, '2017-11-25 00:18:47', NULL),
(20, 1, '86ZE6XR', 425, '2017-11-25 00:37:51', NULL),
(21, 2, 'ZA146HD', 479, '2017-11-25 01:04:46', NULL),
(22, 1, 'TJCCEW7', 545, '2017-11-25 01:08:20', NULL),
(23, 1, '5BS76S2', 512, '2017-11-25 01:20:18', NULL),
(24, 2, 'NF9N912', 411, '2017-11-25 01:45:53', NULL),
(25, 4, '5BS76S2', 480, '2017-11-25 01:50:01', NULL),
(26, 4, '0353223', 429, '2017-11-25 01:57:46', NULL),
(27, 3, '33JFK0W', 530, '2017-11-25 02:13:02', NULL),
(28, 1, 'QB7FKE6', 539, '2017-11-25 03:44:01', NULL),
(29, 4, 'KO3E9W8', 414, '2017-11-25 03:57:38', NULL),
(30, 5, '61CV971', 491, '2017-11-25 04:04:49', NULL),
(31, 5, '58M7132', 534, '2017-11-25 04:26:12', NULL),
(32, 1, '6GT7I8K', 505, '2017-11-25 04:39:17', NULL),
(33, 2, 'OL1EJQ4', 598, '2017-11-25 04:40:33', NULL),
(34, 1, 'S47RCD0', 497, '2017-11-25 04:42:35', NULL),
(35, 1, 'H9Y645B', 543, '2017-11-25 04:43:58', NULL),
(36, 5, '86ZE6XR', 588, '2017-11-25 05:43:57', NULL),
(37, 3, 'ZA146HD', 561, '2017-11-25 05:51:11', NULL),
(38, 4, '5896PPO', 587, '2017-11-25 06:22:59', NULL),
(39, 3, '85HPYM7', 400, '2017-11-25 06:23:22', NULL),
(40, 3, '6GT7I8K', 436, '2017-11-25 06:49:39', NULL),
(41, 3, 'M7CJHOM', 474, '2017-11-25 06:55:39', NULL),
(42, 2, '4R5NL76', 554, '2017-11-25 07:12:37', NULL),
(43, 3, '6GT7I8K', 480, '2017-11-25 07:42:24', NULL),
(44, 2, '654F7QS', 413, '2017-11-25 07:48:41', NULL),
(45, 2, '85HPYM7', 419, '2017-11-25 07:54:23', NULL),
(46, 1, 'TJCCEW7', 533, '2017-11-25 08:31:42', NULL),
(47, 4, 'OL1EJQ4', 467, '2017-11-25 08:36:59', NULL),
(48, 4, '175L0Y0', 514, '2017-11-25 09:02:02', NULL),
(49, 4, 'P2DH6X7', 566, '2017-11-25 09:03:56', NULL),
(50, 2, '8X5B9FA', 414, '2017-11-25 09:16:14', NULL),
(51, 1, 'X35Z1MJ', 466, '2017-11-25 09:38:35', NULL),
(52, 5, 'FF71KW8', 454, '2017-11-25 09:52:04', NULL),
(53, 5, '85HPYM7', 522, '2017-11-25 09:54:35', NULL),
(54, 5, '5BS76S2', 415, '2017-11-25 10:16:03', NULL),
(55, 3, 'V5428NY', 494, '2017-11-25 10:31:41', NULL),
(56, 5, '0353223', 429, '2017-11-25 10:54:46', NULL),
(57, 4, 'ULAJ7GT', 435, '2017-11-25 11:04:32', NULL),
(58, 5, 'Z6631DO', 409, '2017-11-25 11:26:34', NULL),
(59, 1, 'QB7FKE6', 417, '2017-11-25 11:29:02', NULL),
(60, 3, 'Z6631DO', 484, '2017-11-25 11:39:36', NULL),
(61, 3, '5BS76S2', 485, '2017-11-25 11:49:35', NULL),
(62, 5, '8594E2J', 407, '2017-11-25 11:51:06', NULL),
(63, 2, '175L0Y0', 447, '2017-11-25 11:56:46', NULL),
(64, 2, 'P2DH6X7', 548, '2017-11-25 12:16:40', NULL),
(65, 2, '8X5B9FA', 577, '2017-11-25 12:43:01', NULL),
(66, 5, '0353223', 465, '2017-11-25 12:55:08', NULL),
(67, 2, 'M7CJHOM', 486, '2017-11-25 12:57:55', NULL);

-- --------------------------------------------------------

--
-- Структура таблицы `model`
--

CREATE TABLE `model` (
  `model_id` int(11) NOT NULL,
  `name` text NOT NULL,
  `producing_year` int(11) NOT NULL,
  `comfort_level` int(11) NOT NULL
) ENGINE=InnoDB DEFAULT CHARSET=utf8;

--
-- Дамп данных таблицы `model`
--

INSERT INTO `model` (`model_id`, `name`, `producing_year`, `comfort_level`) VALUES
(1, 'Kia Soul EV', 2015, 8),
(2, 'Nissan Leaf', 2016, 7),
(3, 'ElectraMeccanica Solo', 2018, 9),
(4, 'Fiat 500e', 2018, 3),
(5, 'ElectraMeccanica Solo', 2015, 4),
(6, 'Citroën C-Zero', 2018, 0),
(7, 'Bolloré Bluecar', 2012, 0),
(8, 'Hyundai Ioniq Electric', 2018, 9),
(9, 'Nissan Leaf', 2012, 3),
(10, 'Lightning GT', 2015, 4);

-- --------------------------------------------------------

--
-- Структура таблицы `odometer_readings`
--

CREATE TABLE `odometer_readings` (
  `reading_id` int(11) NOT NULL,
  `car_license_plate` text NOT NULL,
  `at_order_time` int(11) DEFAULT NULL,
  `at_pickup_point` int(11) DEFAULT NULL,
  `at_destination_point` int(11) DEFAULT NULL
) ENGINE=MyISAM DEFAULT CHARSET=utf8;

--
-- Дамп данных таблицы `odometer_readings`
--

INSERT INTO `odometer_readings` (`reading_id`, `car_license_plate`, `at_order_time`, `at_pickup_point`, `at_destination_point`) VALUES
(1, '9068441', 346757, 346784, 347029),
(2, '0VZ5NUW', 432324, 432364, 432815),
(3, 'Z6631DO', 59376, 59485, 59796),
(4, 'X35Z1MJ', 296716, 296846, 296970),
(5, '0353223', 373744, 373881, 374094),
(6, 'P30PWH2', 596089, 596108, 596495),
(7, 'DD36N44', 734914, 735010, 735295),
(8, '42190Y7', 945557, 945700, 945891),
(9, '61CV971', 672815, 672844, 673005),
(10, 'X35Z1MJ', 720219, 720311, 720673),
(11, 'G8RTSM9', 277989, 278048, 278153),
(12, 'ZA146HD', 731595, 731720, 731874),
(13, '1BOD732', 162024, 162117, 162306),
(14, '86ZE6XR', 820702, 820785, 820912),
(15, 'W3FFOV8', 951585, 951705, 951735),
(16, 'J628L18', 714713, 714847, 715147),
(17, 'L54404Q', 829109, 829210, 829321),
(18, 'G8RTSM9', 724809, 724927, 725364),
(19, '654F7QS', 458867, 458927, 458972),
(20, 'S47RCD0', 739401, 739499, 739962),
(21, '33JFK0W', 323073, 323216, 323677),
(22, 'KO3E9W8', 807985, 808014, 808245),
(23, '3O4CX24', 302724, 302836, 303082),
(24, 'ZA146HD', 84760, 84872, 85286),
(25, 'J628L18', 324876, 324934, 324997),
(26, '5AZ8TK4', 787230, 787332, 787693),
(27, '5BS76S2', 282711, 282813, 283186),
(28, 'P30PWH2', 334728, 334824, 335001),
(29, 'OL1EJQ4', 394532, 394651, 395131),
(30, '8594E2J', 183837, 183957, 184177),
(31, '85HPYM7', 542132, 542159, 542405),
(32, '175L0Y0', 281658, 281788, 282205),
(33, 'NF9N912', 409522, 409644, 409981),
(34, 'G8RTSM9', 816599, 816725, 816820),
(35, '61CV971', 779880, 779915, 780216),
(36, 'W4RXBAR', 557030, 557092, 557548),
(37, '85HPYM7', 331975, 332026, 332493),
(38, '1BOD732', 660263, 660336, 660710),
(39, '8594E2J', 723852, 723866, 723928),
(40, 'V5428NY', 995193, 995213, 995590),
(41, 'DD36N44', 858678, 858788, 858916),
(42, 'L54404Q', 510369, 510384, 510555),
(43, 'W3FFOV8', 83692, 83771, 83790),
(44, 'M7CJHOM', 946437, 946451, 946672),
(45, '644LZ5V', 563426, 563486, 563848),
(46, '42190Y7', 637249, 637278, 637417),
(47, 'R231Q7G', 875008, 875142, 875230),
(48, 'FF71KW8', 333781, 333915, 334228),
(49, '2LH5VH1', 163176, 163196, 163497),
(50, '0VZ5NUW', 602389, 602493, 602919),
(51, 'HR16X4L', 51700, 51803, 52087),
(52, '85HPYM7', 937758, 937762, 937835),
(53, 'P2DH6X7', 153474, 153475, 153781),
(54, '3O4CX24', 340600, 340686, 340870),
(55, 'NF9N912', 99836, 99871, 100100),
(56, 'H9Y645B', 865243, 865377, 865798),
(57, '5BS76S2', 9108, 9210, 9251),
(58, 'JW21OBN', 292928, 293058, 293421),
(59, 'W4RXBAR', 521173, 521177, 521208),
(60, '2OJ0C81', 126103, 126167, 126473),
(61, 'P2DH6X7', 636498, 636511, 636790),
(62, '8X5B9FA', 176285, 176407, 176692),
(63, 'J628L18', 772399, 772494, 772650),
(64, 'Z6631DO', 648983, 649075, 649096),
(65, '33JFK0W', 941298, 941350, 941366),
(66, '1BOD732', 801465, 801612, 802082),
(67, 'ULAJ7GT', 86965, 87111, 87429),
(68, 'AR8LSK2', 407880, 407881, 408127),
(69, '24ZY0I7', 455399, 455439, 455775),
(70, 'FF71KW8', 732020, 732122, 732334),
(71, 'W3FFOV8', 991201, 991242, 991612),
(72, '644LZ5V', 508743, 508858, 509165),
(73, '58M7132', 683962, 684083, 684338),
(74, '5896PPO', 13206, 13231, 13317),
(75, '2OJ0C81', 839915, 840018, 840485),
(76, '0353223', 994885, 994977, 995083),
(77, 'P2DH6X7', 740998, 741037, 741257),
(78, 'G8RTSM9', 664110, 664217, 664414),
(79, '24ZY0I7', 335408, 335525, 335879),
(80, '86ZE6XR', 563377, 563514, 563925),
(81, 'P30PWH2', 142222, 142254, 142478),
(82, '0VZ5NUW', 533659, 533666, 533701),
(83, 'AR8LSK2', 37455, 37490, 37498),
(84, '8594E2J', 311620, 311671, 311679),
(85, '4R5NL76', 490648, 490668, 490913),
(86, '61CV971', 559795, 559928, 560033),
(87, 'X35Z1MJ', 345381, 345419, 345535),
(88, 'P30PWH2', 179285, 179386, 179666),
(89, '5AZ8TK4', 160236, 160270, 160313),
(90, 'ZA146HD', 859198, 859317, 859501);

-- --------------------------------------------------------

--
-- Структура таблицы `operator`
--

CREATE TABLE `operator` (
  `operator_id` int(11) NOT NULL
) ENGINE=InnoDB DEFAULT CHARSET=utf8;

-- --------------------------------------------------------

--
-- Структура таблицы `order`
--

CREATE TABLE `order` (
  `order_id` int(11) NOT NULL,
  `customer_id` int(11) NOT NULL,
  `number_of_passengers` int(11) NOT NULL,
  `luggage_presence` int(11) NOT NULL
) ENGINE=InnoDB DEFAULT CHARSET=utf8;

--
-- Дамп данных таблицы `order`
--

INSERT INTO `order` (`order_id`, `customer_id`, `number_of_passengers`, `luggage_presence`) VALUES
(32, 10534, 1, 0),
(33, 10449, 4, 0),
(34, 10762, 2, 1),
(35, 11186, 2, 1),
(38, 11135, 3, 0),
(39, 10729, 3, 0),
(41, 10600, 3, 1),
(43, 10130, 4, 1),
(44, 10673, 1, 0),
(46, 10515, 2, 0),
(48, 10169, 3, 1),
(49, 10028, 3, 1),
(50, 11075, 2, 0),
(51, 10026, 4, 1),
(53, 10219, 2, 0),
(54, 10212, 1, 0),
(55, 10338, 1, 1),
(56, 10909, 4, 0),
(57, 10499, 4, 1),
(58, 10718, 2, 1),
(59, 10419, 1, 0),
(62, 10322, 2, 1),
(63, 10070, 2, 0),
(64, 11220, 1, 1),
(65, 11240, 1, 1),
(66, 10127, 4, 1),
(67, 10034, 3, 1),
(68, 11390, 1, 1),
(71, 10885, 2, 1),
(72, 10270, 4, 1),
(74, 10032, 2, 1),
(75, 10934, 1, 1),
(76, 11270, 1, 1),
(77, 11312, 2, 0),
(78, 10909, 4, 0),
(79, 10134, 2, 1),
(80, 10824, 3, 1),
(81, 10688, 3, 1),
(83, 11099, 3, 1),
(85, 10861, 1, 0),
(86, 10091, 4, 1),
(89, 11120, 4, 0),
(90, 10837, 2, 1),
(91, 10857, 2, 1),
(93, 10044, 2, 1),
(94, 10037, 2, 0),
(96, 11257, 3, 0),
(98, 11125, 2, 1),
(99, 10858, 2, 0),
(100, 10042, 2, 1),
(101, 10127, 1, 0),
(102, 10660, 2, 1),
(103, 10370, 1, 0),
(106, 10528, 4, 1),
(107, 10265, 3, 0),
(109, 10315, 1, 1),
(113, 11297, 3, 1),
(116, 10158, 2, 0),
(118, 11098, 1, 1),
(119, 10227, 4, 1),
(120, 10347, 3, 1),
(121, 10063, 4, 1),
(122, 11274, 2, 0),
(123, 10329, 1, 0),
(124, 10318, 1, 1),
(127, 10452, 2, 0),
(128, 10877, 3, 1),
(129, 10611, 3, 1),
(131, 11198, 2, 1),
(132, 10984, 1, 1),
(133, 10118, 1, 1),
(134, 10927, 3, 0),
(136, 10423, 3, 0),
(137, 10902, 2, 0),
(140, 11184, 2, 0),
(143, 10470, 1, 0),
(144, 10630, 4, 0),
(145, 10824, 1, 1),
(146, 10957, 4, 0),
(147, 11129, 2, 1),
(148, 11198, 3, 0),
(149, 11282, 2, 0),
(151, 10134, 2, 0),
(152, 10342, 2, 1),
(153, 10622, 4, 1),
(154, 11230, 1, 1),
(157, 10871, 4, 0),
(158, 10627, 1, 1),
(159, 10434, 1, 1),
(161, 10576, 1, 1),
(162, 11407, 3, 0),
(164, 10234, 3, 0),
(165, 10469, 2, 1),
(168, 10172, 3, 0),
(170, 11409, 2, 0),
(172, 10282, 4, 0),
(173, 10140, 4, 0),
(174, 10386, 4, 0),
(175, 10173, 4, 0),
(176, 10700, 2, 0),
(177, 10613, 2, 1),
(178, 10370, 3, 1),
(180, 11308, 1, 0),
(182, 10694, 1, 0),
(183, 10433, 4, 1),
(185, 10888, 2, 1),
(186, 10358, 1, 1),
(187, 11109, 1, 0),
(188, 10565, 4, 1),
(189, 10081, 4, 0),
(191, 11115, 4, 0),
(192, 10226, 2, 1),
(193, 10047, 2, 1),
(194, 10389, 2, 0),
(196, 11320, 1, 0),
(197, 10359, 1, 1),
(200, 10318, 4, 0),
(201, 10986, 4, 1),
(202, 10590, 2, 0);

-- --------------------------------------------------------

--
-- Структура таблицы `order_data`
--

CREATE TABLE `order_data` (
  `order_id` int(11) DEFAULT NULL,
  `pickup_point` text NOT NULL,
  `destination_point` text NOT NULL,
  `time_of_order` datetime NOT NULL,
  `time_of_reaching_pickup_point` datetime DEFAULT NULL,
  `time_of_reaching_destination_point` datetime DEFAULT NULL,
  `cost` int(11) NOT NULL
) ENGINE=InnoDB DEFAULT CHARSET=utf8;

--
-- Дамп данных таблицы `order_data`
--

INSERT INTO `order_data` (`order_id`, `pickup_point`, `destination_point`, `time_of_order`, `time_of_reaching_pickup_point`, `time_of_reaching_destination_point`, `cost`) VALUES
(32, '27, Las Venturas Boulevard, Athens', '85, Interstate 45, Moscow', '2017-11-24 20:09:32', '2017-11-24 20:21:12', '2017-11-24 20:26:24', 732),
(33, '120, Grove Street, Tomsk', '213, Julius Thruway, Helsinki', '2017-11-24 20:16:05', '2017-11-24 20:40:37', '2017-11-24 21:04:07', 955),
(34, '145, Mulholland Drive, Ankara', '187, Market Boulevard, Perm', '2017-11-24 20:18:48', '2017-11-24 20:27:18', '2017-11-24 20:30:11', 759),
(35, '248, 6th Street, Kazan', '177, 6th Street, Ankara', '2017-11-24 20:35:38', '2017-11-24 20:44:03', '2017-11-24 20:47:55', 700),
(38, '249, Main Street, Yekaterinburg', '3, Market Boulevard, Novosibirsk', '2017-11-24 21:18:41', '2017-11-24 21:31:34', '2017-11-24 21:37:23', 303),
(39, '225, Market Boulevard, Baltimore', '141, Old Venturas Strip, Barnaul', '2017-11-24 21:20:58', '2017-11-24 22:01:01', '2017-11-24 22:06:02', 716),
(41, '25, Harry Gold Parkway, Vladivostok', '223, San Fierro Scenic Road, Ankara', '2017-11-24 21:26:12', '2017-11-24 21:39:33', '2017-11-24 21:43:52', 574),
(43, '192, Main Street, Saint Petersburg', '127, Las Venturas Boulevard, Athens', '2017-11-24 21:42:58', '2017-11-24 21:54:05', '2017-11-24 22:10:00', 414),
(44, '163, Las Venturas Boulevard, Kazan', '140, San Fierro Scenic Road, Innopolis', '2017-11-24 21:51:49', '2017-11-24 21:56:25', '2017-11-24 22:02:44', 860),
(46, '194, Las Venturas Boulevard, Moscow', '254, Dix Road, Chicago', '2017-11-24 22:47:05', '2017-11-24 22:56:21', '2017-11-24 23:01:02', 937),
(48, '207, Interstate 45, Novosibirsk', '257, Harry Gold Parkway, Bogotá', '2017-11-24 23:15:41', '2017-11-24 23:30:16', '2017-11-24 23:30:48', 879),
(49, '180, Interstate 45, Perm', '228, Auto Circle, Athens', '2017-11-24 23:19:11', '2017-11-24 23:43:29', '2017-11-25 00:01:58', 956),
(50, '2, Las Venturas Boulevard, Athens', '244, San Fierro Scenic Road, Paris', '2017-11-24 23:35:32', '2017-11-24 23:38:55', '2017-11-25 01:12:49', 948),
(51, '139, Harry Gold Parkway, Athens', '247, Harry Gold Parkway, Omsk', '2017-11-24 23:47:44', '2017-11-24 23:54:52', '2017-11-25 00:46:52', 216),
(53, '318, Main Street, Barcelona', '309, Main Street, Rome', '2017-11-24 23:59:09', '2017-11-25 00:15:32', '2017-11-25 00:32:05', 490),
(54, '10, Fifth Avenue, Ankara', '223, Las Venturas Boulevard, Krasnoyarsk', '2017-11-24 23:59:33', '2017-11-25 01:24:47', '2017-11-25 01:36:54', 464),
(55, '173, Interstate 45, Vladivostok', '39, 6th Street, Vladivostok', '2017-11-25 00:00:10', '2017-11-25 01:22:15', '2017-11-25 03:08:32', 833),
(56, '207, 6th Street, Novosibirsk', '38, Market Boulevard, Novosibirsk', '2017-11-25 00:09:18', '2017-11-25 00:27:05', '2017-11-25 00:30:17', 591),
(57, '63, Old Venturas Strip, Perm', '199, Dix Road, Vladivostok', '2017-11-25 00:12:09', '2017-11-25 00:50:38', '2017-11-25 01:20:58', 935),
(58, '33, Auto Circle, Yekaterinburg', '151, San Fierro Scenic Road, Moscow', '2017-11-25 00:13:59', '2017-11-25 00:52:29', '2017-11-25 01:51:54', 558),
(59, '284, Market Boulevard, Perm', '213, Broadway, Omsk', '2017-11-25 00:17:10', '2017-11-25 00:34:58', '2017-11-25 01:15:16', 306),
(62, '43, Market Boulevard, London', '203, Broadway, Paris', '2017-11-25 00:35:59', '2017-11-25 01:31:19', '2017-11-25 03:40:28', 348),
(63, '104, Hasselhoff Street, Osaka', '83, Mulholland Drive, Perm', '2017-11-25 00:37:07', '2017-11-25 04:52:28', '2017-11-25 05:01:04', 480),
(64, '275, Grove Street, Madrid', '3, Fifth Avenue, Helsinki', '2017-11-25 00:40:44', '2017-11-25 05:04:05', '2017-11-25 06:25:36', 729),
(65, '210, Las Venturas Boulevard, Ankara', '50, Main Street, London', '2017-11-25 00:42:22', '2017-11-25 00:55:59', '2017-11-25 01:29:06', 572),
(66, '247, Broadway, Madrid', '212, Interstate 45, Bogotá', '2017-11-25 00:43:55', '2017-11-25 03:33:48', '2017-11-25 03:52:10', 329),
(67, '30, Hasselhoff Street, Madrid', '133, Broadway, Saint Petersburg', '2017-11-25 00:57:57', '2017-11-25 01:11:57', '2017-11-25 01:16:24', 615),
(68, '146, Mulholland Drive, Ankara', '217, Old Venturas Strip, Innopolis', '2017-11-25 00:59:44', '2017-11-25 02:01:31', '2017-11-25 03:37:01', 608),
(71, '106, 6th Street, Osaka', '2, Las Venturas Boulevard, Omsk', '2017-11-25 01:17:33', '2017-11-25 01:42:33', '2017-11-25 01:53:30', 437),
(72, '317, Interstate 45, Rome', '196, Grove Street, Yekaterinburg', '2017-11-25 01:18:48', '2017-11-25 02:30:06', '2017-11-25 02:46:16', 256),
(74, '144, 6th Street, Novosibirsk', '23, Harry Gold Parkway, Tomsk', '2017-11-25 01:34:57', '2017-11-25 03:54:41', '2017-11-25 03:55:33', 559),
(75, '131, Hasselhoff Street, Omsk', '173, Broadway, Yekaterinburg', '2017-11-25 01:38:40', '2017-11-25 03:45:56', '2017-11-25 04:13:12', 862),
(76, '59, Mulholland Drive, Vladivostok', '144, Las Venturas Boulevard, Ryazan', '2017-11-25 01:40:37', '2017-11-25 02:31:48', '2017-11-25 02:54:07', 502),
(77, '310, Mulholland Drive, Osaka', '39, Hasselhoff Street, Kazan', '2017-11-25 01:41:14', '2017-11-25 01:47:39', '2017-11-25 02:35:02', 611),
(78, '80, Las Venturas Boulevard, Vladivostok', '149, San Fierro Scenic Road, Berlin', '2017-11-25 01:43:46', '2017-11-25 02:33:44', '2017-11-25 02:42:24', 210),
(79, '120, Market Boulevard, Berlin', '206, Market Boulevard, Berlin', '2017-11-25 01:48:41', '2017-11-25 03:02:22', '2017-11-25 03:05:31', 959),
(80, '78, Saints Boulevard, Athens', '185, Auto Circle, Vladivostok', '2017-11-25 01:54:53', '2017-11-25 02:50:11', '2017-11-25 02:59:35', 639),
(81, '35, Auto Circle, Athens', '32, Saints Boulevard, Helsinki', '2017-11-25 01:56:35', '2017-11-25 03:19:04', '2017-11-25 03:21:01', 818),
(83, '159, Main Street, Krasnoyarsk', '6, Market Boulevard, Bogotá', '2017-11-25 02:16:19', '2017-11-25 02:39:45', '2017-11-25 02:43:55', 907),
(85, '59, Market Boulevard, Rome', '293, Auto Circle, Dublin', '2017-11-25 02:21:21', '2017-11-25 02:45:08', '2017-11-25 03:15:04', 800),
(86, '216, Mulholland Drive, Helsinki', '123, Dix Road, Ryazan', '2017-11-25 02:25:32', '2017-11-25 03:07:09', '2017-11-25 05:41:33', 630),
(89, '139, Las Venturas Boulevard, Tomsk', '271, Julius Thruway, Chicago', '2017-11-25 02:44:19', '2017-11-25 06:18:16', '2017-11-25 07:24:42', 234),
(90, '231, Hasselhoff Street, Barnaul', '211, 6th Street, Barcelona', '2017-11-25 02:47:35', '2017-11-25 05:10:39', '2017-11-25 06:00:41', 704),
(91, '44, Market Boulevard, Dublin', '295, San Fierro Scenic Road, Berlin', '2017-11-25 02:49:50', '2017-11-25 05:34:18', '2017-11-25 05:48:32', 806),
(93, '46, Harry Gold Parkway, Saint Petersburg', '224, 6th Street, Kazan', '2017-11-25 02:57:42', '2017-11-25 04:41:18', '2017-11-25 05:55:43', 325),
(94, '71, Julius Thruway, Novosibirsk', '261, Julius Thruway, Ryazan', '2017-11-25 03:01:17', '2017-11-25 03:32:03', '2017-11-25 04:08:24', 426),
(96, '194, Mulholland Drive, Bogotá', '305, Fifth Avenue, Saint Petersburg', '2017-11-25 03:06:23', '2017-11-25 04:59:19', '2017-11-25 05:50:23', 621),
(98, '80, Main Street, Bogotá', '139, Old Venturas Strip, Baltimore', '2017-11-25 03:29:17', '2017-11-25 04:10:17', '2017-11-25 04:36:32', 538),
(99, '164, Julius Thruway, Ankara', '244, San Fierro Scenic Road, Helsinki', '2017-11-25 03:31:15', '2017-11-25 05:38:52', '2017-11-25 07:30:35', 297),
(100, '72, Dix Road, Paris', '279, Hasselhoff Street, Helsinki', '2017-11-25 03:35:22', '2017-11-25 04:57:23', '2017-11-25 05:23:40', 252),
(101, '317, Dix Road, Chicago', '46, Old Venturas Strip, Kazan', '2017-11-25 03:37:48', '2017-11-25 04:09:32', '2017-11-25 04:37:46', 932),
(102, '96, Market Boulevard, Osaka', '56, Broadway, Saint Petersburg', '2017-11-25 03:38:11', '2017-11-25 06:10:35', '2017-11-25 06:12:28', 845),
(103, '100, Interstate 45, Helsinki', '217, Harry Gold Parkway, Saint Petersburg', '2017-11-25 03:42:56', '2017-11-25 04:30:15', '2017-11-25 04:54:22', 600),
(106, '145, San Fierro Scenic Road, Novosibirsk', '175, Old Venturas Strip, Innopolis', '2017-11-25 03:53:05', '2017-11-25 05:25:05', '2017-11-25 05:27:57', 582),
(107, '27, Market Boulevard, Chicago', '145, Grove Street, Barcelona', '2017-11-25 03:53:54', '2017-11-25 04:49:20', '2017-11-25 06:01:17', 249),
(109, '83, Grove Street, Baltimore', '63, Mulholland Drive, Bogotá', '2017-11-25 04:12:31', '2017-11-25 04:50:44', '2017-11-25 08:19:11', 528),
(113, '133, 6th Street, Ankara', '26, Auto Circle, Saint Petersburg', '2017-11-25 05:05:22', '2017-11-25 06:16:54', '2017-11-25 06:58:57', 774),
(116, '198, Grove Street, Kazan', '29, Fifth Avenue, Novosibirsk', '2017-11-25 05:26:56', '2017-11-25 05:59:29', '2017-11-25 08:22:36', 759),
(118, '6, Grove Street, Vladivostok', '123, Saints Boulevard, Kazan', '2017-11-25 05:36:59', '2017-11-25 10:52:40', '2017-11-25 11:02:46', 589),
(119, '174, Fifth Avenue, Osaka', '200, Hasselhoff Street, Helsinki', '2017-11-25 05:40:16', '2017-11-25 06:07:58', '2017-11-25 06:08:26', 923),
(120, '296, Mulholland Drive, London', '62, Old Venturas Strip, Paris', '2017-11-25 05:46:30', '2017-11-25 07:13:38', '2017-11-25 08:09:49', 902),
(121, '294, Auto Circle, Bogotá', '305, Old Venturas Strip, Athens', '2017-11-25 05:47:01', '2017-11-25 06:27:49', '2017-11-25 07:17:18', 262),
(122, '110, Saints Boulevard, Chicago', '10, Julius Thruway, Barcelona', '2017-11-25 05:53:07', '2017-11-25 12:13:30', NULL, 643),
(123, '215, San Fierro Scenic Road, Barcelona', '117, Old Venturas Strip, Vladivostok', '2017-11-25 05:57:16', '2017-11-25 07:51:47', '2017-11-25 08:14:04', 555),
(124, '300, Fifth Avenue, Helsinki', '53, Main Street, Saint Petersburg', '2017-11-25 05:58:27', '2017-11-25 10:25:35', '2017-11-25 11:09:19', 379),
(127, '287, Fifth Avenue, Yekaterinburg', '19, Broadway, Madrid', '2017-11-25 06:03:15', '2017-11-25 07:47:44', '2017-11-25 08:02:01', 877),
(128, '268, Interstate 45, Chicago', '192, Julius Thruway, Vladivostok', '2017-11-25 06:03:52', '2017-11-25 09:04:23', '2017-11-25 09:56:27', 991),
(129, '25, Market Boulevard, Rome', '141, Broadway, Vladivostok', '2017-11-25 06:06:24', '2017-11-25 06:24:42', '2017-11-25 06:50:19', 791),
(131, '191, 6th Street, London', '52, Main Street, Osaka', '2017-11-25 06:10:09', '2017-11-25 06:17:49', '2017-11-25 07:58:21', 482),
(132, '180, Auto Circle, Helsinki', '217, Interstate 45, Krasnoyarsk', '2017-11-25 06:44:36', '2017-11-25 07:35:31', '2017-11-25 07:40:31', 730),
(133, '60, San Fierro Scenic Road, Vladivostok', '2, Market Boulevard, Dublin', '2017-11-25 06:54:22', '2017-11-25 07:46:13', '2017-11-25 07:48:18', 642),
(134, '39, Broadway, Helsinki', '45, Market Boulevard, Moscow', '2017-11-25 06:59:44', '2017-11-25 09:11:20', '2017-11-25 09:20:32', 980),
(136, '315, Fifth Avenue, Perm', '155, Julius Thruway, Innopolis', '2017-11-25 07:06:05', '2017-11-25 07:34:33', '2017-11-25 08:08:13', 978),
(137, '153, Dix Road, Barcelona', '191, Interstate 45, Paris', '2017-11-25 07:09:11', NULL, NULL, 914),
(140, '188, Auto Circle, Rome', '111, Main Street, Novosibirsk', '2017-11-25 07:12:15', '2017-11-25 08:46:02', '2017-11-25 08:57:15', 667),
(143, '249, Saints Boulevard, Vladivostok', '304, San Fierro Scenic Road, Osaka', '2017-11-25 07:39:20', '2017-11-25 11:35:28', NULL, 979),
(144, '162, Interstate 45, Paris', '141, Main Street, Helsinki', '2017-11-25 07:44:21', '2017-11-25 10:27:57', NULL, 803),
(145, '142, Grove Street, Saint Petersburg', '74, Grove Street, Saint Petersburg', '2017-11-25 07:49:21', '2017-11-25 09:58:31', '2017-11-25 10:02:50', 944),
(146, '185, Grove Street, Yekaterinburg', '183, Harry Gold Parkway, Yekaterinburg', '2017-11-25 07:56:59', NULL, NULL, 393),
(147, '208, Hasselhoff Street, Ryazan', '201, Broadway, London', '2017-11-25 07:59:16', '2017-11-25 10:20:28', '2017-11-25 10:23:15', 342),
(148, '214, Auto Circle, Barnaul', '42, Interstate 45, Helsinki', '2017-11-25 08:04:59', '2017-11-25 10:26:55', '2017-11-25 11:38:35', 282),
(149, '267, Mulholland Drive, Berlin', '298, Saints Boulevard, Omsk', '2017-11-25 08:07:36', '2017-11-25 12:11:59', NULL, 897),
(151, '79, Fifth Avenue, Berlin', '77, Julius Thruway, Osaka', '2017-11-25 08:21:24', '2017-11-25 12:56:14', NULL, 985),
(152, '276, Main Street, Krasnoyarsk', '235, Mulholland Drive, Helsinki', '2017-11-25 08:26:53', '2017-11-25 09:37:50', '2017-11-25 10:08:01', 410),
(153, '69, Fifth Avenue, Helsinki', '143, Julius Thruway, Baltimore', '2017-11-25 08:30:59', '2017-11-25 10:19:38', '2017-11-25 10:31:03', 445),
(154, '142, Grove Street, Bogotá', '33, Saints Boulevard, Yekaterinburg', '2017-11-25 08:32:49', '2017-11-25 10:29:37', '2017-11-25 10:53:41', 418),
(157, '238, Broadway, Rome', '204, San Fierro Scenic Road, Kazan', '2017-11-25 08:37:40', '2017-11-25 08:44:27', '2017-11-25 08:48:08', 700),
(158, '271, Fifth Avenue, Osaka', '125, 6th Street, Ryazan', '2017-11-25 08:39:10', '2017-11-25 09:21:20', '2017-11-25 10:04:23', 920),
(159, '21, Market Boulevard, Osaka', '115, Fifth Avenue, Athens', '2017-11-25 08:43:21', '2017-11-25 12:29:07', NULL, 447),
(161, '264, Broadway, Omsk', '72, 6th Street, Berlin', '2017-11-25 09:02:59', '2017-11-25 10:14:39', '2017-11-25 10:39:43', 552),
(162, '286, Hasselhoff Street, Krasnoyarsk', '11, Saints Boulevard, Barnaul', '2017-11-25 09:07:40', '2017-11-25 11:05:35', '2017-11-25 12:44:48', 731),
(164, '304, Hasselhoff Street, Vladivostok', '94, Mulholland Drive, Rome', '2017-11-25 09:23:11', '2017-11-25 10:33:36', '2017-11-25 10:43:28', 661),
(165, '28, San Fierro Scenic Road, Moscow', '69, Main Street, Kazan', '2017-11-25 09:24:24', NULL, NULL, 380),
(168, '89, Auto Circle, Novosibirsk', '302, Interstate 45, Omsk', '2017-11-25 09:34:15', '2017-11-25 11:25:12', '2017-11-25 11:45:42', 931),
(170, '33, Old Venturas Strip, Barcelona', '233, Saints Boulevard, Perm', '2017-11-25 09:45:15', '2017-11-25 10:36:19', NULL, 359),
(172, '292, Grove Street, Barnaul', '39, Mulholland Drive, Osaka', '2017-11-25 09:51:08', '2017-11-25 12:18:32', NULL, 940),
(173, '175, Saints Boulevard, Chicago', '1, Julius Thruway, Chicago', '2017-11-25 09:53:41', '2017-11-25 10:32:34', '2017-11-25 12:03:57', 743),
(174, '24, Market Boulevard, Rome', '94, Dix Road, Yekaterinburg', '2017-11-25 10:00:26', '2017-11-25 12:49:59', NULL, 578),
(175, '297, Old Venturas Strip, Ankara', '246, Auto Circle, Moscow', '2017-11-25 10:01:25', '2017-11-25 10:48:08', '2017-11-25 11:17:42', 709),
(176, '214, Mulholland Drive, Tomsk', '309, Broadway, Krasnoyarsk', '2017-11-25 10:06:11', NULL, NULL, 219),
(177, '34, Hasselhoff Street, Saint Petersburg', '132, San Fierro Scenic Road, Helsinki', '2017-11-25 10:14:09', NULL, NULL, 297),
(178, '253, Grove Street, Helsinki', '61, Hasselhoff Street, Rome', '2017-11-25 10:17:14', '2017-11-25 10:51:26', '2017-11-25 13:05:06', 224),
(180, '199, Hasselhoff Street, Barcelona', '117, Old Venturas Strip, Rome', '2017-11-25 10:42:29', '2017-11-25 11:55:14', '2017-11-25 12:10:44', 248),
(182, '76, Broadway, Omsk', '229, Dix Road, Omsk', '2017-11-25 11:01:18', '2017-11-25 11:32:00', NULL, 823),
(183, '251, Mulholland Drive, Paris', '53, Main Street, Berlin', '2017-11-25 11:10:55', '2017-11-25 12:37:37', NULL, 675),
(185, '164, Auto Circle, Baltimore', '265, Interstate 45, Baltimore', '2017-11-25 11:15:28', '2017-11-25 11:19:39', '2017-11-25 11:24:23', 265),
(186, '222, Interstate 45, Kazan', '73, Mulholland Drive, Baltimore', '2017-11-25 11:20:12', '2017-11-25 12:48:47', NULL, 984),
(187, '175, Auto Circle, Vladivostok', '128, Main Street, Dublin', '2017-11-25 11:22:40', NULL, NULL, 541),
(188, '4, Fifth Avenue, Yekaterinburg', '133, Old Venturas Strip, Osaka', '2017-11-25 11:27:30', NULL, NULL, 435),
(189, '106, 6th Street, Saint Petersburg', '231, Las Venturas Boulevard, Barnaul', '2017-11-25 11:30:28', NULL, NULL, 510),
(191, '172, Dix Road, Tomsk', '24, Dix Road, Moscow', '2017-11-25 11:46:08', NULL, NULL, 965),
(192, '210, Interstate 45, Osaka', '110, Broadway, Moscow', '2017-11-25 11:54:23', '2017-11-25 12:27:18', NULL, 888),
(193, '117, Old Venturas Strip, Berlin', '258, Market Boulevard, Perm', '2017-11-25 11:58:24', NULL, NULL, 756),
(194, '90, Market Boulevard, Yekaterinburg', '95, Interstate 45, Helsinki', '2017-11-25 12:06:55', NULL, NULL, 878),
(196, '60, Saints Boulevard, Saint Petersburg', '158, Las Venturas Boulevard, Chicago', '2017-11-25 12:22:56', NULL, NULL, 823),
(197, '17, Hasselhoff Street, Moscow', '74, Broadway, Tomsk', '2017-11-25 12:31:27', NULL, NULL, 869),
(200, '1, Auto Circle, Osaka', '315, Harry Gold Parkway, Barcelona', '2017-11-25 12:43:23', NULL, NULL, 641),
(201, '225, 6th Street, Kazan', '66, Main Street, Osaka', '2017-11-25 12:59:30', NULL, NULL, 456),
(202, '224, Las Venturas Boulevard, Ryazan', '60, Broadway, Yekaterinburg', '2017-11-25 13:00:29', NULL, NULL, 537);

-- --------------------------------------------------------

--
-- Структура таблицы `order_status`
--

CREATE TABLE `order_status` (
  `order_id` int(11) NOT NULL,
  `status` text NOT NULL
) ENGINE=InnoDB DEFAULT CHARSET=utf8;

--
-- Дамп данных таблицы `order_status`
--

INSERT INTO `order_status` (`order_id`, `status`) VALUES
(32, 'completed'),
(33, 'completed'),
(34, 'completed'),
(35, 'completed'),
(38, 'completed'),
(39, 'completed'),
(41, 'completed'),
(43, 'completed'),
(44, 'completed'),
(46, 'completed'),
(48, 'completed'),
(49, 'completed'),
(50, 'completed'),
(51, 'completed'),
(53, 'completed'),
(54, 'completed'),
(55, 'completed'),
(56, 'completed'),
(57, 'completed'),
(58, 'completed'),
(59, 'completed'),
(62, 'completed'),
(63, 'completed'),
(64, 'completed'),
(65, 'completed'),
(66, 'completed'),
(67, 'completed'),
(68, 'completed'),
(71, 'completed'),
(72, 'completed'),
(74, 'completed'),
(75, 'completed'),
(76, 'completed'),
(77, 'completed'),
(78, 'completed'),
(79, 'completed'),
(80, 'completed'),
(81, 'completed'),
(83, 'completed'),
(85, 'completed'),
(86, 'completed'),
(89, 'completed'),
(90, 'completed'),
(91, 'completed'),
(93, 'completed'),
(94, 'completed'),
(96, 'completed'),
(98, 'completed'),
(99, 'completed'),
(100, 'completed'),
(101, 'completed'),
(102, 'completed'),
(103, 'completed'),
(106, 'completed'),
(107, 'completed'),
(109, 'completed'),
(113, 'completed'),
(116, 'completed'),
(118, 'completed'),
(119, 'completed'),
(120, 'completed'),
(121, 'completed'),
(122, 'car_reached_pickup_point'),
(123, 'completed'),
(124, 'completed'),
(127, 'completed'),
(128, 'completed'),
(129, 'completed'),
(131, 'completed'),
(132, 'completed'),
(133, 'completed'),
(134, 'completed'),
(136, 'completed'),
(137, 'car_is_assigned'),
(140, 'completed'),
(143, 'car_reached_pickup_point'),
(144, 'car_reached_pickup_point'),
(145, 'completed'),
(146, 'car_is_assigned'),
(147, 'completed'),
(148, 'completed'),
(149, 'car_reached_pickup_point'),
(151, 'car_reached_pickup_point'),
(152, 'completed'),
(153, 'completed'),
(154, 'completed'),
(157, 'completed'),
(158, 'completed'),
(159, 'car_reached_pickup_point'),
(161, 'completed'),
(162, 'completed'),
(164, 'completed'),
(165, 'car_is_assigned'),
(168, 'completed'),
(170, 'car_reached_pickup_point'),
(172, 'car_reached_pickup_point'),
(173, 'completed'),
(174, 'car_reached_pickup_point'),
(175, 'completed'),
(176, 'car_is_assigned'),
(177, 'car_is_assigned'),
(178, 'completed'),
(180, 'completed'),
(182, 'car_reached_pickup_point'),
(183, 'car_reached_pickup_point'),
(185, 'completed'),
(186, 'car_reached_pickup_point'),
(187, 'car_is_assigned'),
(188, 'car_is_assigned'),
(189, 'car_is_assigned'),
(191, 'car_is_assigned'),
(192, 'car_reached_pickup_point'),
(193, 'car_is_assigned'),
(194, 'car_is_assigned'),
(196, 'car_is_assigned'),
(197, 'car_is_assigned'),
(200, 'pending'),
(201, 'pending'),
(202, 'pending');

-- --------------------------------------------------------

--
-- Структура таблицы `part`
--

CREATE TABLE `part` (
  `part_id` int(11) NOT NULL,
  `part_type_id` int(11) NOT NULL,
  `color` text NOT NULL,
  `part_condition` text NOT NULL
) ENGINE=InnoDB DEFAULT CHARSET=utf8;

--
-- Дамп данных таблицы `part`
--

INSERT INTO `part` (`part_id`, `part_type_id`, `color`, `part_condition`) VALUES
(1, 69, 'dark green', '3HM058q7'),
(2, 80, 'hot pink', '6t27uTaK'),
(3, 86, 'grey', '3yD86819'),
(4, 25, 'silver', 'IHeu42W0'),
(5, 78, 'purple', 'l26XFZ8G'),
(6, 46, 'blue', 'uLV6zSPG'),
(7, 61, 'yellow', 'fm62Kypo'),
(8, 52, 'hot pink', 'B37m9i64'),
(9, 5, 'pink', 'mK4B7C29'),
(10, 18, 'silver', 'ga8t66xH'),
(11, 46, 'gold', 'Oex3leG6'),
(12, 90, 'midnight blue', '3MN8Olu5'),
(13, 14, 'grabber blue', 'leLw6y3a'),
(14, 88, 'metallic blue', 'Tc65Rt56'),
(15, 97, 'brown', '9O46d5s8'),
(16, 66, 'silver', '4022I7hZ'),
(17, 48, 'black', '7LNp3pAr'),
(18, 19, 'brown', '2484qN5A'),
(19, 6, 'black', '81mJ79ab'),
(20, 44, 'grabber blue', '1y307Aw2'),
(21, 19, 'green', '1rubqcs7'),
(22, 63, 'metallic red', '973QBSi3'),
(23, 73, 'pink', 'f731o90I'),
(24, 85, 'silver', '76J0Z5Hr'),
(25, 77, 'blue', '5scrR93l'),
(26, 43, 'silver', '2016171n'),
(27, 76, 'metallic blue', 'rp7yLON8'),
(28, 5, 'silver', '5x12Rj5f'),
(29, 5, 'orange', 'Tzr37wfe'),
(30, 20, 'pink', 'y55571pb'),
(31, 2, 'metallic red', '36A7D262'),
(32, 45, 'dark green', '2qN8i125'),
(33, 88, 'yellow', '6B751Wt2'),
(34, 82, 'green', 'dz3N035Z'),
(35, 6, 'brown', 'a9JVxyX6'),
(36, 58, 'black', 'd52622aM'),
(37, 41, 'yellow', '11YD3s65'),
(38, 78, 'dark green', 'S240hW33'),
(39, 92, 'midnight blue', '30G8x116'),
(40, 93, 'grabber blue', '26N6UG51'),
(41, 28, 'pink', 'CA12769S'),
(42, 8, 'metallic blue', '5fq8004a'),
(43, 54, 'red', '2f2cnEdS'),
(44, 28, 'black', '2245N10d'),
(45, 4, 'grabber blue', 'z9264426'),
(46, 16, 'blue', '5nM1rCts'),
(47, 51, 'yellow', 'kDz5V246'),
(48, 64, 'pink', '06q44wiY'),
(49, 95, 'red', 'M0YSXffn'),
(50, 30, 'midnight blue', 'YOOI6CX6'),
(51, 78, 'blue', '2b118dxW'),
(52, 5, 'grey', '9Dn8V4SH'),
(53, 73, 'red', 'eP1V0v8W'),
(54, 40, 'midnight blue', '627M8CNu'),
(55, 92, 'white', 'fa6g0622'),
(56, 26, 'yellow', 'Pv9Z8005'),
(57, 85, 'dark green', '5U811Cr7'),
(58, 16, 'silver', '1uuiECe8'),
(59, 50, 'hot pink', 't6H7A65X'),
(60, 91, 'yellow', 'sO883DQ5'),
(61, 22, 'white', '3Vk5l8Lb'),
(62, 63, 'magenta', '45E80VgX'),
(63, 6, 'metallic red', '15k4L45p'),
(64, 19, 'yellow', 'mXf2w4f8'),
(65, 58, 'magenta', '4kM7mf28'),
(66, 54, 'pink', '51k6DnLA'),
(67, 1, 'black', 'u3GF171V'),
(68, 32, 'pink', 'KK28396b'),
(69, 76, 'silver', 'y9Gpr46e'),
(70, 96, 'white', 'mh8f2Tf6'),
(71, 78, 'black', 'i35h2ini'),
(72, 95, 'dark green', '4p24IfrF'),
(73, 69, 'black', 'vi2075ly'),
(74, 57, 'midnight blue', '1ud8FA11'),
(75, 98, 'metallic red', '00Ow75X0'),
(76, 5, 'metallic blue', '2152195h'),
(77, 34, 'black', '7e43bi7O'),
(78, 93, 'orange', 'MnC5z8kl'),
(79, 57, 'grabber blue', '633aDA2M'),
(80, 9, 'blue', 'tc89pRrS'),
(81, 94, 'midnight blue', '688F5024'),
(82, 99, 'gold', 'D223jrS0'),
(83, 47, 'silver', '3MN9R155'),
(84, 63, 'silver', 'tjl8cZje'),
(85, 8, 'yellow', 'V0i9VPE0'),
(86, 18, 'black', 'K7z3AB92'),
(87, 6, 'metallic blue', 'dxPf480W'),
(88, 23, 'hot pink', '6E1yHAH1'),
(89, 43, 'pink', '584X0T23'),
(90, 55, 'gold', '3180Q1C1'),
(91, 49, 'pink', '8j10UJ06'),
(92, 71, 'black', '0w3687s7'),
(93, 73, 'metallic red', '72Z0C0zd'),
(94, 64, 'red', '8h2t56cE'),
(95, 23, 'grey', 'I20X2Tj4'),
(96, 8, 'orange', 'LB027I10'),
(97, 8, 'orange', 't7I032hq'),
(98, 54, 'hot pink', 'KuUH9f18'),
(99, 71, 'magenta', '00I6d74W'),
(100, 92, 'green', '6t3kA413'),
(101, 6, 'orange', 'a05m3258'),
(102, 58, 'pink', 'LNRj6j7i'),
(103, 96, 'blue', '3G2FF7x5'),
(104, 63, 'silver', 'q6S4atC8'),
(105, 95, 'yellow', 'lEJf52oR'),
(106, 51, 'gold', '4JL7YA2D'),
(107, 58, 'grey', '73X0Jn9H'),
(108, 10, 'metallic blue', 'cyu305K9'),
(109, 62, 'pink', 'n61wEr28'),
(110, 39, 'blue', 'X2If4128'),
(111, 94, 'red', 'Q89JK9UY'),
(112, 14, 'green', 'DK9w5l10'),
(113, 76, 'white', '7Hr138W8'),
(114, 52, 'green', 'F5GL3942'),
(115, 83, 'metallic blue', 'VvNn9cv8'),
(116, 62, 'gold', '7QaCS3k3'),
(117, 40, 'red', 'j8We49Uj'),
(118, 67, 'pink', '4R578h0o'),
(119, 32, 'gold', 'F6r19785'),
(120, 69, 'orange', '35bs694a'),
(121, 26, 'grey', '68324gAK'),
(122, 68, 'grey', '39LW0bHG'),
(123, 96, 'metallic blue', 'RV49C9vT'),
(124, 46, 'white', '21z9UXh9'),
(125, 32, 'metallic red', '3traam36'),
(126, 30, 'silver', '9kU9gp1Y'),
(127, 31, 'midnight blue', 'vVL87407'),
(128, 18, 'gold', 'qz3Ao38e'),
(129, 46, 'blue', '4ij9hVT0'),
(130, 76, 'silver', '4he5j0R6'),
(131, 57, 'gold', '178qagkq'),
(132, 38, 'metallic blue', 'YLG6k7N0'),
(133, 58, 'grabber blue', 'N644334q'),
(134, 58, 'midnight blue', '4EPE6XkV'),
(135, 67, 'metallic blue', '867364Y4'),
(136, 79, 'gold', '97G090X5'),
(137, 66, 'pink', '8v93RGIb'),
(138, 3, 'hot pink', '0T8Rp5pj'),
(139, 75, 'grabber blue', '67yeTa15'),
(140, 77, 'dark green', 'kFO6VMNU'),
(141, 19, 'gold', 'B770Ri59'),
(142, 57, 'brown', '8O6AW0q5'),
(143, 28, 'silver', 'FX46Yj4F'),
(144, 32, 'black', '5u0qd9s2'),
(145, 14, 'white', 'pXw5nvem'),
(146, 77, 'black', 'XX57T1D9'),
(147, 93, 'brown', '08Xq276F'),
(148, 41, 'red', 'Ba52U89Y'),
(149, 34, 'blue', 'SbV50ok9'),
(150, 60, 'orange', 'I8p15XXS'),
(151, 72, 'dark green', '5p612BA8'),
(152, 78, 'pink', 'xK5Xa710'),
(153, 73, 'green', 'Zv1s938r'),
(154, 62, 'midnight blue', 'r8A4q142'),
(155, 24, 'blue', 'B68t0qC5'),
(156, 82, 'purple', '05H361H3'),
(157, 81, 'gold', 'Q79i8oM9'),
(158, 44, 'metallic blue', 'OU7V99dX'),
(159, 14, 'orange', 'B0CK8ml1'),
(160, 59, 'brown', '4mGIIs02'),
(161, 13, 'red', '2P313UQS'),
(162, 18, 'grey', 'O8Z1TczK'),
(163, 90, 'gold', '1s1G2S8c'),
(164, 20, 'grey', 'Z11W5R22'),
(165, 62, 'magenta', '2k5GC3X6'),
(166, 20, 'white', 'Y35W526b'),
(167, 28, 'orange', 'WpY9zU79'),
(168, 86, 'red', '63Bp5O0C'),
(169, 72, 'red', 'Y9sznHB4'),
(170, 82, 'yellow', 'G3WM63LS'),
(171, 54, 'green', 'PYif13FN'),
(172, 5, 'midnight blue', '5q276dJX'),
(173, 4, 'yellow', 'n5bq58pI'),
(174, 4, 'yellow', '632Gh7Q5'),
(175, 97, 'silver', 'ER66JIu2'),
(176, 72, 'gold', 'h4k71Dk8'),
(177, 59, 'brown', '1Nu287Yq'),
(178, 47, 'yellow', '0HP27fP1'),
(179, 26, 'blue', 'R0325qZV'),
(180, 65, 'brown', '7o5q939J'),
(181, 11, 'green', 'ik53D179'),
(182, 19, 'grey', 'q4Xs8025'),
(183, 20, 'midnight blue', '4TSVCEp6'),
(184, 50, 'white', 'AN1m0560'),
(185, 89, 'blue', 'tz06D784'),
(186, 67, 'orange', '01CYT502'),
(187, 32, 'red', '42B82z8U'),
(188, 91, 'blue', '77ne8a6n'),
(189, 10, 'midnight blue', 'o1705EW4'),
(190, 58, 'grabber blue', '98g5Tc4b'),
(191, 16, 'grabber blue', 'e2HQxR6M'),
(192, 39, 'purple', 'h39eO635'),
(193, 31, 'red', 'i9xs9Y3l'),
(194, 33, 'hot pink', '8V8yH57y'),
(195, 34, 'orange', 'wiPw1xPe'),
(196, 81, 'blue', 'xX6B30S3'),
(197, 42, 'metallic blue', '20U50b9h'),
(198, 82, 'silver', '07m0Vhl9'),
(199, 18, 'grey', 'pH1C0HE9'),
(200, 41, 'magenta', 'Qq52M3NF'),
(201, 13, 'red', 'c22D4276'),
(202, 49, 'pink', 'i6438ma7'),
(203, 77, 'dark green', '37XE9K8F'),
(204, 74, 'gold', '2mF2y04z'),
(205, 43, 'blue', 'w8knY30h'),
(206, 37, 'blue', '5Qvl0Xm1'),
(207, 37, 'brown', 'H6g9DpN6'),
(208, 45, 'blue', 'n54cC3kC'),
(209, 79, 'brown', '01G3gG0z'),
(210, 99, 'black', '8cc7q4jr'),
(211, 31, 'brown', '8q8r12Z6'),
(212, 78, 'metallic blue', '4J96K3cQ'),
(213, 99, 'dark green', '34RKwW5u'),
(214, 73, 'orange', 'PQxY0DQV'),
(215, 91, 'hot pink', 'xX5zG2GT'),
(216, 13, 'yellow', '12857712'),
(217, 95, 'grey', '213b1t2U'),
(218, 45, 'pink', 'Lhr70m7R'),
(219, 54, 'metallic red', 'z5rm6295'),
(220, 68, 'white', 'hMGv1028'),
(221, 16, 'pink', 'k6G06rI1'),
(222, 7, 'metallic blue', 'rg77578r'),
(223, 32, 'black', '856D3h89'),
(224, 86, 'black', '70aQ4F63'),
(225, 42, 'white', 'OtuM03G1'),
(226, 65, 'metallic red', '51B7fX22'),
(227, 5, 'white', '6580Pk9b'),
(228, 49, 'purple', '416I3j83'),
(229, 58, 'orange', '688eAUR6'),
(230, 66, 'gold', 'zA2S557D'),
(231, 74, 'blue', '2916M983'),
(232, 44, 'yellow', 'LJrx6zFz'),
(233, 3, 'magenta', '7T8t6h7q'),
(234, 3, 'pink', '6bC50a2w'),
(235, 70, 'midnight blue', 'Vge05se1'),
(236, 83, 'black', 'O2rrM336'),
(237, 26, 'hot pink', '7k074sCW'),
(238, 33, 'metallic blue', '37827V92'),
(239, 53, 'yellow', '194d6752'),
(240, 66, 'metallic blue', '55Zx2mqp'),
(241, 43, 'grabber blue', 'nO1IRsv1'),
(242, 18, 'red', '21GAK15V'),
(243, 89, 'dark green', 'w9Hz4357'),
(244, 84, 'pink', 'KRVCp24X'),
(245, 8, 'magenta', 'dz4S9269'),
(246, 44, 'metallic red', '05973Nwt'),
(247, 77, 'grey', 'H3Bq030C'),
(248, 75, 'purple', 'd17gCxEc'),
(249, 76, 'magenta', 'rxP95Ji2'),
(250, 14, 'black', 'ON9Yh54f'),
(251, 30, 'orange', 'Vn6Eu3zh'),
(252, 9, 'metallic red', 'Z2FP3OI9'),
(253, 9, 'hot pink', '58e54015'),
(254, 13, 'pink', '6Caoq4kT'),
(255, 77, 'metallic blue', 'S96BT064'),
(256, 45, 'orange', 'nLwg1n5Q'),
(257, 29, 'metallic blue', 'Y2H20J7m'),
(258, 78, 'blue', '94d61t9q'),
(259, 20, 'pink', 'Vyi534E0'),
(260, 97, 'red', '5fr0343a'),
(261, 84, 'pink', 'b5Et2vB4'),
(262, 11, 'black', '429n052U'),
(263, 53, 'hot pink', 'Ghx57R0Z'),
(264, 81, 'purple', 'S56r5OH2'),
(265, 58, 'dark green', '6VJ6Dy35'),
(266, 12, 'midnight blue', '66svO54p'),
(267, 61, 'magenta', 'ao3V67u7'),
(268, 73, 'green', '593AsZ10'),
(269, 15, 'purple', '4z54yPc3'),
(270, 9, 'dark green', '76v37842'),
(271, 43, 'green', '3y2D11y3'),
(272, 13, 'purple', 'd1bDm35i'),
(273, 16, 'magenta', '946i026B'),
(274, 92, 'blue', 'O1208ize'),
(275, 99, 'grabber blue', '5897VqCV'),
(276, 17, 'grey', 'F1zC05k9'),
(277, 38, 'grey', 'lEAS5BbB'),
(278, 39, 'dark green', '7D4zsdO6'),
(279, 79, 'metallic red', '8LmGd035'),
(280, 65, 'brown', '678S98s6'),
(281, 83, 'metallic red', 'f59xx1Y2'),
(282, 21, 'white', '610389G9'),
(283, 85, 'red', '34I7AS79'),
(284, 48, 'hot pink', '10T7c5p4'),
(285, 35, 'red', 'XNE3810s'),
(286, 93, 'hot pink', '56Z4tx3Z'),
(287, 64, 'red', 'oui0s9s4'),
(288, 39, 'midnight blue', '8Ype9xGU'),
(289, 36, 'gold', '12u68oa8'),
(290, 47, 'brown', 'xD9zo205'),
(291, 13, 'pink', '51527c4S'),
(292, 98, 'hot pink', 'Ak3DL35v'),
(293, 90, 'hot pink', 'I95483NN'),
(294, 38, 'silver', '2lFjR31Q'),
(295, 45, 'silver', '8vQ81973'),
(296, 53, 'grey', '9CVC4l6s'),
(297, 1, 'dark green', '27Z3JSo8'),
(298, 7, 'green', '50M1K7vQ'),
(299, 46, 'purple', '2V0pPaB7'),
(300, 34, 'red', '1C9Nm999'),
(301, 88, 'metallic blue', 'krCrJxWy'),
(302, 12, 'silver', '9A2SCtwA'),
(303, 29, 'gold', '3760qvb8'),
(304, 6, 'metallic red', '02lUngXy'),
(305, 4, 'gold', '7R35F30Y'),
(306, 60, 'black', 'A9r69854'),
(307, 97, 'pink', '477y9nC6'),
(308, 68, 'magenta', 'Z6a565ub'),
(309, 60, 'magenta', '7dVhS2UC'),
(310, 90, 'white', 'ycuN96DX'),
(311, 42, 'white', '4162Q108'),
(312, 21, 'red', '685l5lg2'),
(313, 48, 'brown', 'W0Woafir'),
(314, 96, 'magenta', 'P5876B4a'),
(315, 31, 'white', 's65z9puj'),
(316, 41, 'midnight blue', 'T36f3128'),
(317, 11, 'gold', '35002ABi'),
(318, 3, 'silver', 'J99SI8dA'),
(319, 76, 'blue', 'QWEn50j9'),
(320, 51, 'midnight blue', '247KBIs9'),
(321, 34, 'grey', 'cjcA6Bt0'),
(322, 25, 'green', 's25Eik3h'),
(323, 100, 'white', '1yJM11G8'),
(324, 69, 'black', 'Xy5kK4VS'),
(325, 37, 'gold', '3l9hXl45'),
(326, 11, 'red', 'egdgaF28'),
(327, 31, 'orange', 'I78pE5k4'),
(328, 46, 'blue', '1Ix47C87'),
(329, 62, 'metallic blue', '5Xf08mV7'),
(330, 6, 'silver', '6Nmi3678'),
(331, 4, 'orange', 'T062e01q'),
(332, 11, 'metallic red', '9xf4mhh4'),
(333, 20, 'green', 'D69Ie2Za'),
(334, 45, 'metallic red', 'a0tT3ZR1'),
(335, 88, 'black', 'cgrV2125'),
(336, 11, 'metallic blue', 'Jn68vf0K'),
(337, 82, 'yellow', '687T7o74'),
(338, 27, 'gold', '68716CD8'),
(339, 14, 'metallic blue', '7s12731k'),
(340, 57, 'pink', '9vK2T96U'),
(341, 18, 'purple', 'g9h0z2ww'),
(342, 84, 'magenta', 'BDre3hR7'),
(343, 28, 'brown', '9865szjl'),
(344, 77, 'metallic blue', '1Blj439t'),
(345, 37, 'black', '6403l502'),
(346, 83, 'green', '1MiV6xD2'),
(347, 93, 'hot pink', 'i77qC6h2'),
(348, 64, 'white', '63scy3aY'),
(349, 87, 'red', 'Vm6pF40w'),
(350, 18, 'dark green', 'F91564L8'),
(351, 55, 'grey', 'H2yj176g'),
(352, 52, 'pink', '6BgaPVE7'),
(353, 27, 'white', 'kx684982'),
(354, 90, 'red', '95r90H52'),
(355, 67, 'blue', '3qpfO867'),
(356, 29, 'pink', 'v9C20w6V'),
(357, 53, 'brown', 'C70g89zD'),
(358, 69, 'midnight blue', 'QVb8vpGb'),
(359, 69, 'green', 'r28tT0a0'),
(360, 10, 'midnight blue', '8WrZw674'),
(361, 44, 'metallic red', 'ON27FE5s'),
(362, 20, 'red', '9M67e6r5'),
(363, 85, 'grey', '38q4U059'),
(364, 57, 'red', 'RqTIX427'),
(365, 13, 'red', 'a26Me7k1'),
(366, 83, 'pink', 'D87zO60u'),
(367, 70, 'grabber blue', 'okJ9Wyo0'),
(368, 20, 'metallic red', 's6E7j384'),
(369, 92, 'grabber blue', '1MXu1WLf'),
(370, 78, 'gold', 'vfc0I80t'),
(371, 73, 'white', '2315ux2d'),
(372, 74, 'midnight blue', '47ZL39rE'),
(373, 72, 'yellow', 'zY5M394T'),
(374, 1, 'purple', '1Y1J16CO'),
(375, 75, 'gold', '95ym7uKo'),
(376, 57, 'blue', '8VG6670c'),
(377, 30, 'green', '2Zc81Rh7'),
(378, 93, 'yellow', 'lX29cozc'),
(379, 43, 'hot pink', '4Xmyj1m3'),
(380, 17, 'hot pink', 'yVwT48G8'),
(381, 73, 'white', 't2F0wqLC'),
(382, 79, 'metallic red', '26t43E38'),
(383, 66, 'metallic blue', '2g095qpa'),
(384, 10, 'gold', 'md71sm1K'),
(385, 63, 'brown', '5Q8N7ni6'),
(386, 39, 'midnight blue', 'u26504kv'),
(387, 43, 'metallic red', '4QgGIFUA'),
(388, 43, 'blue', 'f92DNO34'),
(389, 55, 'pink', '4lFxYp41'),
(390, 43, 'dark green', '7pb6X40I'),
(391, 15, 'red', '50LaW300'),
(392, 30, 'grey', '9c4v0315'),
(393, 96, 'yellow', 'VQ699HIG'),
(394, 96, 'brown', 'ar3q3030'),
(395, 23, 'purple', 'f2O0316v'),
(396, 96, 'blue', 'EmZ3y25C'),
(397, 29, 'black', '1610387u'),
(398, 12, 'brown', '1402x0sE'),
(399, 40, 'grabber blue', '736866yq'),
(400, 7, 'blue', 'HaC1MF7p'),
(401, 4, 'hot pink', 'z9q93Bh9'),
(402, 78, 'black', 'a9nF3s4q'),
(403, 45, 'brown', 'do822C6Q'),
(404, 69, 'pink', 'sLF56Krb'),
(405, 70, 'hot pink', 'jG559FF1'),
(406, 100, 'orange', 'xmi8s45z'),
(407, 39, 'magenta', 'ccT659JY'),
(408, 57, 'red', 'H8F87Zr9'),
(409, 30, 'magenta', '9tk0j04Q'),
(410, 59, 'metallic blue', '8h61T073'),
(411, 5, 'metallic blue', '0NB04aQ0'),
(412, 50, 'brown', '945M86a6'),
(413, 60, 'hot pink', 't2A30irO'),
(414, 38, 'blue', 'g0L43Z45'),
(415, 78, 'grey', 'oR5487x7'),
(416, 67, 'magenta', '18185kg3'),
(417, 3, 'white', 'X742PR65'),
(418, 10, 'dark green', 'kV5b9es1'),
(419, 100, 'white', 'ag4P2u7X'),
(420, 34, 'green', 'Z246q8p0'),
(421, 18, 'silver', '4199P6h5'),
(422, 82, 'metallic red', '8O13Gqkx'),
(423, 35, 'metallic blue', '3Qf32785'),
(424, 27, 'hot pink', '6h54jf6p'),
(425, 19, 'white', '8Df8D6e6'),
(426, 24, 'white', 'lN42ztJa'),
(427, 84, 'grey', 'OwWw846l'),
(428, 50, 'silver', '6r1dNd0y'),
(429, 85, 'silver', 'b9y2P353'),
(430, 68, 'magenta', '9Yx6N8Sw'),
(431, 29, 'gold', '3jk9INd6'),
(432, 3, 'grey', 'xrpX5wgo'),
(433, 47, 'red', 'gy03136K'),
(434, 14, 'midnight blue', '6i1Weq79'),
(435, 89, 'midnight blue', 'NUcz9883'),
(436, 33, 'midnight blue', 'eB3W83O8'),
(437, 27, 'grabber blue', '7E51tn3o'),
(438, 25, 'grabber blue', '5G0o2U9O'),
(439, 35, 'purple', '5s25SO9y'),
(440, 66, 'green', '6N942276'),
(441, 2, 'blue', '6B49lBfZ'),
(442, 41, 'orange', '69VqP5yo'),
(443, 2, 'silver', 'v815X92w'),
(444, 46, 'magenta', '235Ls8b3'),
(445, 8, 'pink', '1F9978Nu'),
(446, 33, 'red', 'x9c1a6AQ'),
(447, 10, 'grabber blue', '5F2px3pS'),
(448, 45, 'red', 'n840JdRT'),
(449, 62, 'pink', 'RU1Mgf5u'),
(450, 43, 'hot pink', '5p6Q41ZD'),
(451, 80, 'orange', '334Yk66i'),
(452, 49, 'brown', '4xX7oN8l'),
(453, 37, 'silver', 'TpHoh027'),
(454, 97, 'grabber blue', 'k1oUH742'),
(455, 88, 'grabber blue', 'Kw6ix4g3'),
(456, 22, 'blue', 'u7q8Q6K6'),
(457, 5, 'pink', 'tA1S263O'),
(458, 92, 'grey', '6oI4620l'),
(459, 49, 'yellow', '64SeEw3d'),
(460, 49, 'purple', '5f74L63l'),
(461, 71, 'yellow', '5mndm7nV'),
(462, 94, 'dark green', 'B3U6n5p6'),
(463, 22, 'silver', '5V9X2jTD'),
(464, 43, 'metallic red', 'M72hH3rU'),
(465, 24, 'pink', 'as64Kym8'),
(466, 4, 'gold', 'R5396L5K'),
(467, 50, 'midnight blue', '958eh8d3'),
(468, 30, 'red', '1tmJFHv8'),
(469, 87, 'grey', 'T0gj542J'),
(470, 92, 'yellow', '9359pCt1'),
(471, 51, 'red', '29CM9hno'),
(472, 34, 'purple', 'E86W388E'),
(473, 14, 'dark green', 'N32YFNMo'),
(474, 46, 'magenta', 'u8k0r69x'),
(475, 1, 'purple', 'HQA661YL'),
(476, 64, 'brown', '60p4282i'),
(477, 98, 'red', '0Rlav286'),
(478, 32, 'hot pink', '01z6E2Uj'),
(479, 98, 'white', 'QMANtC79'),
(480, 49, 'pink', 'j1aormDi'),
(481, 15, 'hot pink', '8u2Iv538'),
(482, 5, 'blue', 'aYb70bUw'),
(483, 52, 'silver', '5241DuJ6'),
(484, 67, 'purple', 'N1TzWy09'),
(485, 69, 'metallic blue', 'bQE8Qp7z'),
(486, 94, 'metallic blue', '96hhT4si'),
(487, 29, 'brown', 'mD4X655w'),
(488, 25, 'blue', '46MsO86d'),
(489, 1, 'orange', '8p84083l'),
(490, 65, 'yellow', '6tIepu9D'),
(491, 92, 'blue', 'p3wDZ8i7'),
(492, 62, 'pink', '5Z422VhA'),
(493, 8, 'hot pink', '1zDO11Ot'),
(494, 7, 'yellow', 'ql01K67c'),
(495, 37, 'gold', '5pD1N57N'),
(496, 52, 'white', 'Bp46LpAC'),
(497, 71, 'metallic red', 'adjnfc76'),
(498, 38, 'dark green', '6vr813W6'),
(499, 19, 'grabber blue', '29vVgi52'),
(500, 2, 'metallic red', '3p194978');

-- --------------------------------------------------------

--
-- Структура таблицы `parts_at_workshop_storage`
--

CREATE TABLE `parts_at_workshop_storage` (
  `workshop_id` int(11) NOT NULL,
  `part_id` int(11) NOT NULL
) ENGINE=InnoDB DEFAULT CHARSET=utf8;

--
-- Дамп данных таблицы `parts_at_workshop_storage`
--

INSERT INTO `parts_at_workshop_storage` (`workshop_id`, `part_id`) VALUES
(1, 4),
(1, 38),
(1, 43),
(1, 51),
(1, 55),
(1, 56),
(1, 64),
(1, 78),
(1, 79),
(1, 80),
(1, 86),
(1, 88),
(1, 89),
(1, 90),
(1, 91),
(1, 92),
(1, 93),
(1, 95),
(1, 98),
(1, 103),
(1, 105),
(1, 107),
(1, 115),
(1, 116),
(1, 132),
(1, 133),
(1, 139),
(1, 146),
(1, 150),
(1, 155),
(1, 159),
(1, 160),
(1, 165),
(1, 167),
(1, 168),
(1, 170),
(1, 175),
(1, 181),
(1, 182),
(1, 186),
(1, 188),
(1, 198),
(1, 207),
(1, 215),
(1, 229),
(1, 240),
(1, 249),
(1, 255),
(1, 259),
(1, 281),
(1, 286),
(1, 290),
(1, 318),
(1, 323),
(1, 327),
(1, 329),
(1, 333),
(1, 348),
(1, 350),
(1, 353),
(1, 362),
(1, 367),
(1, 370),
(1, 373),
(1, 382),
(1, 386),
(1, 387),
(1, 388),
(1, 389),
(1, 393),
(1, 395),
(1, 399),
(1, 403),
(1, 408),
(1, 421),
(1, 426),
(1, 434),
(1, 442),
(1, 445),
(1, 446),
(1, 447),
(1, 450),
(1, 452),
(1, 454),
(1, 462),
(1, 464),
(1, 467),
(1, 470),
(1, 475),
(1, 477),
(1, 495),
(1, 497),
(2, 6),
(2, 29),
(2, 106),
(2, 109),
(2, 110),
(2, 111),
(2, 112),
(2, 113),
(2, 114),
(2, 117),
(2, 119),
(2, 120),
(2, 122),
(2, 125),
(2, 127),
(2, 128),
(2, 134),
(2, 135),
(2, 136),
(2, 137),
(2, 138),
(2, 144),
(2, 145),
(2, 148),
(2, 151),
(2, 152),
(2, 153),
(2, 154),
(2, 164),
(2, 166),
(2, 171),
(2, 173),
(2, 174),
(2, 178),
(2, 179),
(2, 180),
(2, 185),
(2, 187),
(2, 191),
(2, 194),
(2, 196),
(2, 197),
(2, 199),
(2, 200),
(2, 201),
(2, 202),
(2, 203),
(2, 209),
(2, 216),
(2, 217),
(2, 218),
(2, 219),
(2, 223),
(2, 224),
(2, 226),
(2, 227),
(2, 231),
(2, 232),
(2, 234),
(2, 237),
(2, 241),
(2, 242),
(2, 243),
(2, 248),
(2, 252),
(2, 253),
(2, 254),
(2, 262),
(2, 264),
(2, 265),
(2, 273),
(2, 274),
(2, 275),
(2, 276),
(2, 277),
(2, 282),
(2, 284),
(2, 301),
(2, 308),
(2, 310),
(2, 311),
(2, 312),
(2, 315),
(2, 326),
(2, 328),
(2, 332),
(2, 334),
(2, 335),
(2, 338),
(2, 339),
(2, 343),
(2, 345),
(2, 347),
(2, 349),
(2, 351),
(2, 352),
(2, 355),
(2, 357),
(2, 360),
(2, 363),
(2, 371),
(2, 374),
(2, 376),
(2, 390),
(2, 400),
(2, 405),
(2, 407),
(2, 409),
(2, 413),
(2, 414),
(2, 419),
(2, 420),
(2, 422),
(2, 423),
(2, 424),
(2, 425),
(2, 427),
(2, 429),
(2, 437),
(2, 438),
(2, 439),
(2, 440),
(2, 444),
(2, 455),
(2, 460),
(2, 466),
(2, 468),
(2, 469),
(2, 471),
(2, 482),
(2, 483),
(2, 486),
(2, 488),
(2, 491),
(2, 492),
(2, 496),
(2, 499),
(3, 12),
(3, 13),
(3, 16),
(3, 27),
(3, 37),
(3, 68),
(3, 69),
(3, 74),
(3, 75),
(3, 77),
(3, 81),
(3, 82),
(3, 83),
(3, 87),
(3, 96),
(3, 99),
(3, 101),
(3, 104),
(3, 121),
(3, 130),
(3, 140),
(3, 141),
(3, 142),
(3, 147),
(3, 162),
(3, 163),
(3, 169),
(3, 172),
(3, 177),
(3, 184),
(3, 189),
(3, 190),
(3, 192),
(3, 195),
(3, 205),
(3, 206),
(3, 208),
(3, 213),
(3, 221),
(3, 225),
(3, 228),
(3, 230),
(3, 233),
(3, 238),
(3, 244),
(3, 247),
(3, 250),
(3, 251),
(3, 256),
(3, 257),
(3, 258),
(3, 260),
(3, 261),
(3, 263),
(3, 267),
(3, 268),
(3, 269),
(3, 270),
(3, 279),
(3, 283),
(3, 285),
(3, 287),
(3, 291),
(3, 293),
(3, 295),
(3, 298),
(3, 299),
(3, 306),
(3, 307),
(3, 313),
(3, 314),
(3, 316),
(3, 322),
(3, 325),
(3, 331),
(3, 337),
(3, 346),
(3, 356),
(3, 359),
(3, 372),
(3, 375),
(3, 377),
(3, 378),
(3, 381),
(3, 383),
(3, 384),
(3, 385),
(3, 392),
(3, 396),
(3, 398),
(3, 401),
(3, 402),
(3, 410),
(3, 411),
(3, 412),
(3, 415),
(3, 416),
(3, 417),
(3, 418),
(3, 430),
(3, 433),
(3, 435),
(3, 436),
(3, 441),
(3, 443),
(3, 451),
(3, 456),
(3, 459),
(3, 465),
(3, 472),
(3, 473),
(3, 478),
(3, 487),
(3, 489),
(3, 490),
(3, 493),
(3, 494),
(3, 500),
(4, 5),
(4, 11),
(4, 14),
(4, 22),
(4, 25),
(4, 28),
(4, 31),
(4, 35),
(4, 40),
(4, 42),
(4, 45),
(4, 46),
(4, 48),
(4, 59),
(4, 61),
(4, 65),
(4, 72),
(4, 123),
(4, 124),
(4, 131),
(4, 157),
(4, 161),
(4, 193),
(4, 210),
(4, 211),
(4, 212),
(4, 214),
(4, 220),
(4, 235),
(4, 236),
(4, 246),
(4, 266),
(4, 271),
(4, 272),
(4, 278),
(4, 280),
(4, 292),
(4, 296),
(4, 297),
(4, 302),
(4, 303),
(4, 305),
(4, 317),
(4, 319),
(4, 321),
(4, 330),
(4, 340),
(4, 341),
(4, 358),
(4, 366),
(4, 369),
(4, 379),
(4, 391),
(4, 394),
(4, 397),
(4, 431),
(4, 432),
(4, 453),
(4, 458),
(4, 461),
(4, 463),
(4, 474),
(4, 476),
(4, 480),
(4, 481),
(4, 485),
(4, 498),
(5, 1),
(5, 7),
(5, 9),
(5, 10),
(5, 19),
(5, 20),
(5, 21),
(5, 30),
(5, 32),
(5, 34),
(5, 41),
(5, 44),
(5, 53),
(5, 70),
(5, 85),
(5, 94),
(5, 118),
(5, 129),
(5, 143),
(5, 149),
(5, 156),
(5, 158),
(5, 176),
(5, 183),
(5, 204),
(5, 222),
(5, 239),
(5, 245),
(5, 288),
(5, 289),
(5, 300),
(5, 304),
(5, 309),
(5, 320),
(5, 324),
(5, 336),
(5, 342),
(5, 344),
(5, 354),
(5, 361),
(5, 364),
(5, 365),
(5, 368),
(5, 380),
(5, 404),
(5, 406),
(5, 449),
(5, 457),
(5, 484);

-- --------------------------------------------------------

--
-- Структура таблицы `parts_used_in_repair`
--

CREATE TABLE `parts_used_in_repair` (
  `repair_id` int(11) NOT NULL,
  `part_id` int(11) NOT NULL
) ENGINE=InnoDB DEFAULT CHARSET=utf8;

--
-- Дамп данных таблицы `parts_used_in_repair`
--

INSERT INTO `parts_used_in_repair` (`repair_id`, `part_id`) VALUES
(13, 5),
(13, 59),
(13, 83),
(13, 99),
(14, 125),
(14, 143),
(14, 197),
(14, 204),
(15, 13),
(15, 25),
(15, 28),
(15, 29),
(16, 212),
(16, 227),
(16, 291),
(16, 300),
(16, 302),
(17, 44),
(17, 51),
(17, 55),
(17, 93),
(18, 132),
(19, 320),
(19, 330),
(20, 31),
(20, 33),
(21, 37),
(21, 39),
(21, 45),
(21, 46),
(21, 54),
(22, 1),
(22, 2),
(24, 8),
(25, 11),
(26, 9),
(26, 16),
(26, 20),
(26, 22),
(27, 53),
(27, 86),
(27, 102),
(28, 107),
(28, 118),
(29, 18),
(30, 145),
(31, 23),
(31, 115),
(32, 24),
(33, 7),
(34, 10),
(34, 15),
(35, 21),
(35, 26),
(36, 27),
(37, 41),
(37, 48),
(37, 50),
(39, 61),
(39, 64),
(39, 66),
(40, 36),
(41, 40),
(41, 47),
(42, 4),
(42, 30),
(43, 12),
(43, 72),
(44, 3),
(45, 17),
(48, 14),
(49, 32),
(49, 57),
(50, 58),
(51, 19),
(53, 60),
(53, 62),
(53, 63),
(55, 43),
(55, 49),
(57, 38),
(57, 67),
(57, 71),
(58, 73),
(58, 76),
(58, 84),
(58, 90),
(59, 100),
(59, 105);

-- --------------------------------------------------------

--
-- Структура таблицы `part_type`
--

CREATE TABLE `part_type` (
  `type_id` int(11) NOT NULL,
  `model_id` int(11) NOT NULL,
  `name` text NOT NULL,
  `material` text NOT NULL,
  `weight` double NOT NULL,
  `size` double NOT NULL
) ENGINE=InnoDB DEFAULT CHARSET=utf8;

--
-- Дамп данных таблицы `part_type`
--

INSERT INTO `part_type` (`type_id`, `model_id`, `name`, `material`, `weight`, `size`) VALUES
(1, 4, '568K8o', 'steel', 83.402367, 4.597054),
(2, 3, 'RGt5To', 'gold', 20.858377, 5.761924),
(3, 6, '80JK2y', 'bronze', 35.372043, 2.058546),
(4, 10, '477568', 'bronze', 37.355849, 7.217816),
(5, 9, 'gV1B54', 'carbon', 95.291813, 4.686221),
(6, 10, 'Gnhw09', 'bronze', 79.196958, 8.548052),
(7, 10, 'Al7yr2', 'silicon', 65.86132, 5.232727),
(8, 6, '932bB9', 'adamantite', 91.305505, 2.481041),
(9, 3, '79C099', 'copper', 13.14518, 7.340765),
(10, 10, '8Js7TT', 'iron', 49.523338, 8.940935),
(11, 8, '03yoB2', 'silver', 4.964069, 3.053241),
(12, 2, '1E3997', 'steel', 50.863537, 1.231692),
(13, 2, 'EVJTb1', 'magnesium', 24.267071, 5.872739),
(14, 1, 'X7U251', 'silver', 46.840361, 1.56625),
(15, 9, 'FWS437', 'carbon', 77.332766, 7.738725),
(16, 3, '87Z1k8', 'iron', 82.425244, 7.383023),
(17, 2, 'Y2i21R', 'iron', 84.591003, 4.095372),
(18, 8, '5Q6v3Y', 'copper', 48.513632, 9.913687),
(19, 10, 'c30xB2', 'magnesium', 69.944277, 8.98153),
(20, 5, 'Rhs7u3', 'carbon', 87.521885, 4.533503),
(21, 7, 'Q7o9un', 'alluminium', 9.9669, 9.417936),
(22, 3, 'qihif1', 'bronze', 37.817291, 5.631992),
(23, 9, 'H692m1', 'bronze', 25.001418, 2.280156),
(24, 4, 'f1X81Q', 'wood', 21.521398, 5.637213),
(25, 9, '4P49Z5', 'titanium', 76.263204, 2.202831),
(26, 6, '642Qds', 'carbon', 49.276581, 2.638841),
(27, 1, 'c7zt55', 'silicon', 92.501532, 8.924398),
(28, 10, 'hC29uo', 'copper', 21.913329, 0.457938),
(29, 2, '8d30Qs', 'silver', 83.625102, 3.245304),
(30, 5, 'nx2506', 'steel', 14.371845, 5.832109),
(31, 8, '67dA6H', 'wood', 40.58539, 9.481153),
(32, 3, 'sh795y', 'titanium', 12.867803, 5.764878),
(33, 2, '7yOn30', 'steel', 28.404577, 5.077267),
(34, 8, 'hooI3a', 'adamantite', 40.271652, 4.041764),
(35, 2, '8wL3RE', 'silicon', 9.393031, 8.482389),
(36, 9, 'yaDY1z', 'iron', 88.939099, 5.526581),
(37, 7, '2249iX', 'magnesium', 98.619969, 7.82769),
(38, 10, 'ehe78m', 'alluminium', 84.072883, 9.34223),
(39, 5, '5kr7ti', 'titanium', 15.126543, 4.889184),
(40, 9, 'zIW39b', 'bronze', 34.714507, 0.105592),
(41, 5, 'L8887P', 'silver', 80.735432, 9.908134),
(42, 8, 'Gy47r5', 'wood', 39.537703, 4.735633),
(43, 4, '105678', 'carbon', 54.98597, 7.879656),
(44, 3, '9UP03m', 'steel', 84.761926, 7.22872),
(45, 5, '1D05H2', 'gold', 41.477269, 3.669761),
(46, 5, '55I9UQ', 'silicon', 68.961107, 3.577368),
(47, 4, 'lMbH54', 'bronze', 96.404345, 4.474709),
(48, 5, 'ZNW4m6', 'steel', 65.124698, 5.419776),
(49, 1, 'IqT25r', 'alluminium', 28.496728, 7.336666),
(50, 1, 'm9C605', 'titanium', 50.123082, 6.477574),
(51, 5, '2n0233', 'copper', 76.331793, 9.085358),
(52, 4, '4S8776', 'steel', 60.93347, 1.746446),
(53, 3, '4C81D2', 'silver', 66.432482, 4.100614),
(54, 1, 'i66Y3h', 'bronze', 66.297441, 9.470616),
(55, 1, '0h98Me', 'iron', 93.395653, 0.568903),
(56, 10, 'C995S9', 'copper', 82.913345, 6.170401),
(57, 7, 'aaRLc7', 'alluminium', 2.340517, 6.623544),
(58, 1, 'fzZ682', 'carbon', 14.737918, 8.051828),
(59, 4, 'fX25ba', 'gold', 88.998234, 7.545933),
(60, 10, 'XD2804', 'copper', 48.276853, 7.325764),
(61, 9, '0s1328', 'steel', 3.418421, 8.574827),
(62, 6, 'ZN7j72', 'silicon', 67.00489, 7.01505),
(63, 8, '2m9224', 'silicon', 35.390892, 3.779675),
(64, 7, 'zXpvq5', 'bronze', 16.860747, 8.337333),
(65, 3, 'bL698w', 'carbon', 33.710417, 4.209702),
(66, 5, 'I8Q3J9', 'adamantite', 4.638309, 7.300495),
(67, 4, '0n4fo0', 'bronze', 68.125847, 7.794459),
(68, 5, 'x17z6w', 'copper', 53.001349, 2.235669),
(69, 5, '3Q3Lf4', 'carbon', 76.194476, 9.559887),
(70, 9, '9q86Kz', 'iron', 43.998288, 5.742432),
(71, 9, 'tbaL44', 'iron', 84.82148, 5.445716),
(72, 5, '066513', 'silver', 18.825271, 1.940809),
(73, 6, 'jslk02', 'copper', 55.674747, 9.597894),
(74, 4, 'dB984E', 'carbon', 92.221143, 1.695374),
(75, 3, '54r5v5', 'steel', 76.464201, 9.999286),
(76, 6, '15KFjx', 'wood', 47.347852, 4.204369),
(77, 4, '07yB5T', 'copper', 69.44218, 2.431541),
(78, 9, '4q79Wr', 'copper', 93.846784, 2.895489),
(79, 10, 'D2Ll8A', 'adamantite', 44.550298, 8.617429),
(80, 7, 'p17k42', 'alluminium', 9.909384, 5.308773),
(81, 7, '3t7kS2', 'steel', 5.766559, 4.594157),
(82, 2, '8GKYq1', 'steel', 37.534745, 1.045476),
(83, 8, '606B54', 'carbon', 24.249815, 6.913027),
(84, 9, '3oFI5O', 'alluminium', 88.254098, 4.243931),
(85, 1, '9EBU09', 'iron', 0.02176, 1.748591),
(86, 6, 'Md3310', 'carbon', 58.077586, 8.276467),
(87, 4, 'wew2fv', 'alluminium', 63.492012, 8.727833),
(88, 10, 'Umh787', 'carbon', 38.609343, 0.313721),
(89, 6, 'PC919n', 'silver', 69.237782, 5.326509),
(90, 4, '2vNjr2', 'steel', 66.254026, 5.261199),
(91, 8, 'Y8ZKv1', 'silicon', 3.531766, 7.005073),
(92, 7, '05OXP9', 'titanium', 24.516045, 7.202634),
(93, 6, 't9ckz7', 'steel', 17.625696, 2.348954),
(94, 8, '2B20A8', 'silicon', 29.059765, 0.718247),
(95, 1, 'IE0oCQ', 'gold', 85.145364, 7.185526),
(96, 2, 'hL47qW', 'adamantite', 5.356463, 7.508219),
(97, 5, '7Uo6lL', 'copper', 50.46854, 2.313593),
(98, 7, 'iPUu4H', 'gold', 33.014206, 0.316753),
(99, 10, '71VAhM', 'alluminium', 71.089206, 5.548368),
(100, 10, '96e64O', 'iron', 64.330525, 0.518866);

-- --------------------------------------------------------

--
-- Структура таблицы `provided_parts`
--

CREATE TABLE `provided_parts` (
  `provision_id` int(11) NOT NULL,
  `part_id` int(11) NOT NULL
) ENGINE=InnoDB DEFAULT CHARSET=utf8;

--
-- Дамп данных таблицы `provided_parts`
--

INSERT INTO `provided_parts` (`provision_id`, `part_id`) VALUES
(13, 25),
(13, 28),
(13, 37),
(13, 73),
(13, 109),
(13, 110),
(13, 111),
(13, 134),
(13, 138),
(13, 185),
(13, 200),
(13, 201),
(13, 226),
(13, 231),
(13, 243),
(13, 265),
(13, 277),
(13, 284),
(13, 311),
(13, 332),
(13, 345),
(13, 355),
(13, 360),
(13, 376),
(13, 409),
(13, 439),
(13, 469),
(13, 482),
(13, 483),
(13, 486),
(13, 492),
(13, 499),
(14, 2),
(14, 48),
(14, 61),
(14, 69),
(14, 81),
(14, 96),
(14, 142),
(14, 147),
(14, 169),
(14, 205),
(14, 208),
(14, 213),
(14, 238),
(14, 251),
(14, 267),
(14, 268),
(14, 270),
(14, 283),
(14, 285),
(14, 287),
(14, 306),
(14, 316),
(14, 325),
(14, 346),
(14, 356),
(14, 378),
(14, 402),
(14, 410),
(14, 416),
(14, 443),
(14, 459),
(14, 465),
(14, 473),
(14, 478),
(15, 13),
(15, 29),
(15, 33),
(15, 54),
(15, 84),
(15, 106),
(15, 114),
(15, 122),
(15, 135),
(15, 166),
(15, 187),
(15, 191),
(15, 196),
(15, 202),
(15, 209),
(15, 218),
(15, 248),
(15, 262),
(15, 273),
(15, 310),
(15, 315),
(15, 328),
(15, 335),
(15, 351),
(15, 357),
(15, 371),
(15, 455),
(15, 468),
(15, 496),
(16, 5),
(16, 59),
(16, 83),
(16, 99),
(16, 125),
(16, 143),
(16, 197),
(16, 204),
(16, 212),
(16, 227),
(16, 291),
(16, 300),
(16, 302),
(16, 320),
(16, 386),
(16, 387),
(16, 395),
(16, 403),
(16, 426),
(16, 462),
(16, 477),
(17, 31),
(17, 39),
(17, 45),
(17, 46),
(17, 57),
(17, 58),
(17, 60),
(17, 71),
(17, 90),
(17, 119),
(17, 120),
(17, 127),
(17, 128),
(17, 154),
(17, 171),
(17, 173),
(17, 179),
(17, 194),
(17, 223),
(17, 241),
(17, 264),
(17, 326),
(17, 334),
(17, 343),
(17, 414),
(17, 419),
(17, 423),
(17, 424),
(17, 427),
(17, 440),
(17, 444),
(17, 466),
(17, 491),
(18, 8),
(18, 9),
(18, 16),
(18, 20),
(18, 22),
(18, 24),
(18, 77),
(18, 82),
(18, 104),
(18, 141),
(18, 184),
(18, 192),
(18, 195),
(18, 233),
(18, 247),
(18, 250),
(18, 256),
(18, 258),
(18, 263),
(18, 269),
(18, 313),
(18, 377),
(18, 383),
(18, 385),
(18, 392),
(18, 396),
(18, 401),
(18, 412),
(18, 430),
(18, 435),
(18, 436),
(18, 489),
(19, 1),
(19, 172),
(19, 177),
(19, 221),
(19, 298),
(19, 307),
(19, 331),
(19, 337),
(19, 415),
(19, 494),
(20, 117),
(20, 148),
(20, 180),
(20, 405),
(20, 425),
(21, 27),
(21, 66),
(21, 68),
(21, 121),
(21, 130),
(21, 190),
(21, 206),
(21, 261),
(21, 295),
(21, 314),
(21, 322),
(21, 359),
(21, 372),
(21, 381),
(21, 398),
(21, 417),
(21, 418),
(21, 433),
(21, 451),
(22, 44),
(22, 51),
(22, 55),
(22, 93),
(22, 132),
(22, 330),
(22, 350),
(23, 11),
(23, 53),
(23, 86),
(23, 102),
(23, 118),
(23, 145),
(23, 246),
(23, 266),
(23, 272),
(23, 280),
(23, 317),
(23, 321),
(23, 341),
(23, 369),
(23, 379),
(23, 391),
(23, 397),
(23, 432),
(23, 474),
(23, 476),
(23, 498),
(24, 107),
(24, 161),
(24, 235),
(24, 458),
(24, 461),
(24, 463),
(24, 481),
(24, 485),
(25, 21),
(25, 89),
(25, 165),
(25, 167),
(25, 181),
(25, 188),
(25, 240),
(25, 249),
(25, 255),
(25, 290),
(25, 333),
(25, 362),
(25, 373),
(25, 382),
(25, 389),
(25, 421),
(25, 434),
(25, 447),
(25, 464),
(25, 467),
(25, 470),
(26, 101),
(26, 140),
(26, 189),
(26, 228),
(26, 244),
(26, 257),
(26, 293),
(26, 456),
(26, 472),
(26, 490),
(26, 500),
(27, 136),
(27, 151),
(27, 400),
(27, 429),
(27, 488),
(28, 153),
(28, 174),
(28, 232),
(28, 282),
(28, 407),
(29, 40),
(29, 79),
(29, 88),
(29, 116),
(29, 198),
(29, 215),
(29, 318),
(29, 329),
(29, 367),
(29, 408),
(29, 450),
(29, 452),
(29, 495),
(30, 67),
(30, 76),
(30, 144),
(30, 199),
(30, 203),
(30, 216),
(30, 217),
(30, 219),
(30, 252),
(30, 253),
(30, 254),
(30, 301),
(30, 308),
(30, 312),
(30, 339),
(30, 352),
(31, 113),
(31, 224),
(31, 237),
(31, 242),
(31, 274),
(31, 347),
(31, 363),
(31, 390),
(31, 438),
(32, 41),
(32, 64),
(32, 74),
(32, 225),
(32, 279),
(32, 384),
(33, 15),
(33, 36),
(33, 91),
(33, 98),
(33, 133),
(33, 170),
(33, 207),
(33, 353),
(33, 388),
(33, 393),
(33, 445),
(33, 446),
(33, 497),
(34, 23),
(34, 115),
(34, 149),
(34, 158),
(34, 245),
(34, 336),
(34, 365),
(34, 368),
(34, 380),
(34, 404),
(34, 406),
(34, 449),
(34, 457),
(35, 26),
(35, 47),
(35, 146),
(35, 155),
(35, 160),
(35, 186),
(35, 259),
(35, 323),
(35, 399),
(35, 475),
(36, 18),
(36, 62),
(36, 137),
(36, 234),
(36, 338),
(36, 437),
(36, 460),
(37, 236),
(37, 271),
(37, 296),
(37, 319),
(37, 340),
(37, 366),
(38, 85),
(38, 94),
(38, 222),
(39, 131),
(39, 220),
(40, 10),
(40, 103),
(40, 327),
(41, 42),
(41, 65),
(41, 210),
(41, 214),
(41, 278),
(41, 480),
(42, 7),
(42, 176),
(42, 183),
(43, 123),
(43, 124),
(43, 292),
(43, 358),
(43, 394),
(44, 30),
(44, 129),
(44, 156),
(44, 239),
(44, 304),
(44, 324),
(44, 342),
(44, 344),
(44, 361),
(45, 50),
(45, 230),
(45, 375),
(45, 441),
(45, 487),
(45, 493),
(46, 100),
(46, 112),
(46, 164),
(46, 178),
(46, 420),
(46, 422),
(47, 17),
(47, 211),
(47, 297),
(47, 303),
(48, 139),
(48, 159),
(48, 348),
(49, 4),
(49, 34),
(49, 354),
(50, 105),
(50, 276),
(51, 75),
(51, 87),
(51, 162),
(51, 163),
(51, 260),
(52, 3),
(52, 63),
(52, 152),
(52, 374),
(52, 413),
(53, 12),
(53, 72),
(53, 168),
(53, 281),
(53, 370),
(54, 32),
(54, 349),
(54, 471),
(55, 49),
(55, 78),
(55, 95),
(55, 182),
(55, 454),
(56, 14),
(57, 275),
(58, 19),
(58, 43),
(58, 56),
(58, 80),
(58, 92),
(58, 175),
(58, 229),
(58, 286),
(60, 157),
(60, 305),
(60, 431),
(61, 193),
(62, 150),
(64, 289),
(65, 484),
(66, 35),
(67, 70),
(67, 309),
(69, 288),
(69, 364),
(70, 38),
(73, 299),
(74, 411),
(75, 442),
(76, 453),
(78, 6);

-- --------------------------------------------------------

--
-- Структура таблицы `provider`
--

CREATE TABLE `provider` (
  `provider_id` int(11) NOT NULL
) ENGINE=InnoDB DEFAULT CHARSET=utf8;

--
-- Дамп данных таблицы `provider`
--

INSERT INTO `provider` (`provider_id`) VALUES
(9901),
(9902),
(9903),
(9904),
(9905),
(9906),
(9907),
(9908),
(9909),
(9910);

-- --------------------------------------------------------

--
-- Структура таблицы `provision`
--

CREATE TABLE `provision` (
  `provision_id` int(11) NOT NULL,
  `provider_id` int(11) NOT NULL,
  `workshop_id` int(11) NOT NULL,
  `date_of_provision` datetime NOT NULL
) ENGINE=InnoDB DEFAULT CHARSET=utf8;

--
-- Дамп данных таблицы `provision`
--

INSERT INTO `provision` (`provision_id`, `provider_id`, `workshop_id`, `date_of_provision`) VALUES
(13, 9907, 2, '2017-11-24 20:08:13'),
(14, 9901, 3, '2017-11-24 20:29:18'),
(15, 9901, 2, '2017-11-24 20:49:06'),
(16, 9908, 1, '2017-11-24 20:53:20'),
(17, 9903, 2, '2017-11-24 20:58:44'),
(18, 9904, 3, '2017-11-24 21:11:19'),
(19, 9909, 3, '2017-11-24 21:25:14'),
(20, 9907, 2, '2017-11-24 22:08:01'),
(21, 9902, 3, '2017-11-24 22:21:55'),
(22, 9907, 1, '2017-11-24 22:22:53'),
(23, 9909, 4, '2017-11-24 23:29:03'),
(24, 9907, 4, '2017-11-24 23:32:52'),
(25, 9908, 1, '2017-11-24 23:47:14'),
(26, 9901, 3, '2017-11-24 23:50:45'),
(27, 9909, 2, '2017-11-25 00:04:48'),
(28, 9902, 2, '2017-11-25 00:24:48'),
(29, 9902, 1, '2017-11-25 00:28:57'),
(30, 9905, 2, '2017-11-25 00:47:25'),
(31, 9904, 2, '2017-11-25 01:23:53'),
(32, 9902, 3, '2017-11-25 01:33:19'),
(33, 9901, 1, '2017-11-25 01:52:19'),
(34, 9910, 5, '2017-11-25 02:06:15'),
(35, 9901, 1, '2017-11-25 02:07:55'),
(36, 9909, 2, '2017-11-25 02:18:27'),
(37, 9910, 4, '2017-11-25 03:25:53'),
(38, 9901, 5, '2017-11-25 03:47:56'),
(39, 9908, 4, '2017-11-25 03:50:10'),
(40, 9904, 1, '2017-11-25 03:59:15'),
(41, 9901, 4, '2017-11-25 04:01:07'),
(42, 9910, 5, '2017-11-25 04:03:08'),
(43, 9904, 4, '2017-11-25 04:18:35'),
(44, 9901, 5, '2017-11-25 05:09:51'),
(45, 9902, 3, '2017-11-25 05:11:47'),
(46, 9903, 2, '2017-11-25 05:43:19'),
(47, 9901, 4, '2017-11-25 06:29:34'),
(48, 9903, 1, '2017-11-25 06:34:54'),
(49, 9909, 5, '2017-11-25 06:36:09'),
(50, 9906, 2, '2017-11-25 06:48:16'),
(51, 9908, 3, '2017-11-25 06:51:29'),
(52, 9908, 2, '2017-11-25 07:21:54'),
(53, 9903, 1, '2017-11-25 07:28:44'),
(54, 9905, 2, '2017-11-25 07:33:59'),
(55, 9909, 1, '2017-11-25 07:37:13'),
(56, 9901, 3, '2017-11-25 08:00:35'),
(57, 9903, 2, '2017-11-25 08:12:37'),
(58, 9907, 1, '2017-11-25 08:25:28'),
(59, 9907, 4, '2017-11-25 08:46:43'),
(60, 9906, 4, '2017-11-25 08:55:32'),
(61, 9909, 4, '2017-11-25 09:32:13'),
(62, 9906, 1, '2017-11-25 09:44:00'),
(63, 9903, 5, '2017-11-25 09:46:44'),
(64, 9904, 5, '2017-11-25 09:49:22'),
(65, 9902, 5, '2017-11-25 10:11:47'),
(66, 9903, 4, '2017-11-25 10:12:52'),
(67, 9910, 5, '2017-11-25 10:46:21'),
(68, 9907, 4, '2017-11-25 10:59:57'),
(69, 9902, 5, '2017-11-25 12:00:03'),
(70, 9903, 2, '2017-11-25 12:01:01'),
(71, 9901, 4, '2017-11-25 12:02:33'),
(72, 9905, 3, '2017-11-25 12:07:42'),
(73, 9901, 3, '2017-11-25 12:25:41'),
(74, 9904, 3, '2017-11-25 12:42:11'),
(75, 9905, 1, '2017-11-25 12:46:20'),
(76, 9906, 4, '2017-11-25 12:51:53'),
(77, 9905, 1, '2017-11-25 13:02:29'),
(78, 9909, 2, '2017-11-25 13:07:56');

-- --------------------------------------------------------

--
-- Структура таблицы `recharge`
--

CREATE TABLE `recharge` (
  `start_time` datetime NOT NULL,
  `finish_time` datetime NOT NULL,
  `battery_id` int(11) NOT NULL,
  `station_id` int(11) NOT NULL
) ENGINE=InnoDB DEFAULT CHARSET=utf8;

--
-- Дамп данных таблицы `recharge`
--

INSERT INTO `recharge` (`start_time`, `finish_time`, `battery_id`, `station_id`) VALUES
('2017-11-24 19:43:20', '2017-11-24 20:12:42', 1, 4),
('2017-11-24 20:07:00', '2017-11-24 20:33:53', 50, 4),
('2017-11-24 20:14:13', '2017-11-24 20:33:17', 15, 14),
('2017-11-24 20:24:39', '2017-11-24 20:47:11', 39, 6),
('2017-11-24 20:28:35', '2017-11-24 20:47:52', 2, 7),
('2017-11-24 20:30:42', '2017-11-24 20:49:25', 24, 18),
('2017-11-24 20:31:51', '2017-11-24 20:52:25', 3, 8),
('2017-11-24 20:33:28', '2017-11-24 20:45:13', 2, 6),
('2017-11-24 20:34:39', '2017-11-24 20:48:52', 35, 8),
('2017-11-24 20:36:13', '2017-11-24 20:50:34', 24, 19),
('2017-11-24 20:39:00', '2017-11-24 21:08:57', 38, 4),
('2017-11-24 20:52:11', '2017-11-24 20:58:22', 33, 17),
('2017-11-24 21:35:09', '2017-11-24 22:01:19', 29, 14),
('2017-11-24 21:35:45', '2017-11-24 21:48:04', 3, 9),
('2017-11-24 21:40:31', '2017-11-24 21:47:49', 15, 4),
('2017-11-24 21:53:20', '2017-11-24 22:22:55', 1, 8),
('2017-11-24 22:34:40', '2017-11-24 22:49:47', 26, 17),
('2017-11-24 22:39:03', '2017-11-24 23:01:31', 41, 2),
('2017-11-24 22:53:26', '2017-11-24 23:21:48', 13, 15),
('2017-11-24 23:06:15', '2017-11-24 23:16:34', 19, 17),
('2017-11-24 23:07:01', '2017-11-24 23:32:28', 38, 4),
('2017-11-24 23:10:18', '2017-11-24 23:20:36', 27, 3),
('2017-11-24 23:16:59', '2017-11-24 23:23:50', 9, 9),
('2017-11-24 23:17:58', '2017-11-24 23:37:19', 45, 4),
('2017-11-24 23:51:58', '2017-11-25 00:21:08', 25, 3),
('2017-11-24 23:56:11', '2017-11-25 00:15:16', 38, 6),
('2017-11-25 00:03:13', '2017-11-25 00:22:44', 17, 17),
('2017-11-25 00:06:02', '2017-11-25 00:34:11', 13, 2),
('2017-11-25 00:26:23', '2017-11-25 00:40:13', 36, 16),
('2017-11-25 00:32:40', '2017-11-25 00:52:42', 16, 5),
('2017-11-25 00:34:08', '2017-11-25 00:42:12', 7, 3),
('2017-11-25 00:38:31', '2017-11-25 00:49:57', 20, 7),
('2017-11-25 01:27:46', '2017-11-25 01:34:26', 15, 8),
('2017-11-25 01:34:22', '2017-11-25 01:53:33', 27, 20),
('2017-11-25 01:44:12', '2017-11-25 01:58:15', 37, 18),
('2017-11-25 01:59:32', '2017-11-25 02:22:11', 21, 10),
('2017-11-25 02:17:56', '2017-11-25 02:41:38', 50, 12),
('2017-11-25 02:19:31', '2017-11-25 02:48:58', 24, 10),
('2017-11-25 02:28:36', '2017-11-25 02:45:52', 7, 6),
('2017-11-25 02:52:09', '2017-11-25 03:16:45', 18, 1),
('2017-11-25 02:52:59', '2017-11-25 03:18:37', 28, 20),
('2017-11-25 03:11:28', '2017-11-25 03:33:41', 2, 18),
('2017-11-25 03:16:17', '2017-11-25 03:23:57', 34, 20),
('2017-11-25 03:23:45', '2017-11-25 03:48:58', 14, 20),
('2017-11-25 03:24:44', '2017-11-25 03:30:10', 50, 17),
('2017-11-25 03:41:23', '2017-11-25 04:03:06', 39, 18),
('2017-11-25 03:42:14', '2017-11-25 04:12:03', 18, 3),
('2017-11-25 03:51:02', '2017-11-25 04:13:49', 8, 1),
('2017-11-25 04:05:50', '2017-11-25 04:34:54', 37, 2),
('2017-11-25 04:11:05', '2017-11-25 04:22:04', 5, 12),
('2017-11-25 04:17:29', '2017-11-25 04:23:57', 22, 20),
('2017-11-25 04:19:48', '2017-11-25 04:36:58', 29, 19),
('2017-11-25 04:24:01', '2017-11-25 04:38:30', 19, 14),
('2017-11-25 04:27:31', '2017-11-25 04:36:27', 9, 18),
('2017-11-25 04:29:44', '2017-11-25 04:51:10', 23, 5),
('2017-11-25 04:33:38', '2017-11-25 04:49:19', 38, 3),
('2017-11-25 04:56:05', '2017-11-25 05:18:48', 41, 18),
('2017-11-25 05:07:18', '2017-11-25 05:26:42', 1, 2),
('2017-11-25 05:13:35', '2017-11-25 05:34:15', 10, 10),
('2017-11-25 05:15:25', '2017-11-25 05:24:48', 49, 7),
('2017-11-25 05:22:27', '2017-11-25 05:46:09', 36, 19),
('2017-11-25 05:29:35', '2017-11-25 05:44:20', 19, 1),
('2017-11-25 05:31:57', '2017-11-25 05:58:18', 34, 16),
('2017-11-25 05:40:47', '2017-11-25 05:49:45', 49, 7),
('2017-11-25 05:45:39', '2017-11-25 06:08:16', 17, 1),
('2017-11-25 06:19:54', '2017-11-25 06:39:34', 20, 1),
('2017-11-25 06:33:32', '2017-11-25 07:01:50', 42, 3),
('2017-11-25 06:36:45', '2017-11-25 06:50:37', 6, 9),
('2017-11-25 07:15:54', '2017-11-25 07:37:08', 40, 17),
('2017-11-25 07:32:43', '2017-11-25 07:42:27', 1, 7),
('2017-11-25 07:37:40', '2017-11-25 07:56:14', 40, 20),
('2017-11-25 07:53:08', '2017-11-25 08:19:28', 24, 12),
('2017-11-25 07:55:58', '2017-11-25 08:18:59', 50, 17),
('2017-11-25 08:06:42', '2017-11-25 08:18:56', 8, 19),
('2017-11-25 08:11:41', '2017-11-25 08:20:22', 31, 8),
('2017-11-25 08:15:30', '2017-11-25 08:25:10', 4, 3),
('2017-11-25 08:24:08', '2017-11-25 08:33:16', 45, 13),
('2017-11-25 08:27:24', '2017-11-25 08:46:34', 31, 19),
('2017-11-25 08:29:14', '2017-11-25 08:41:38', 9, 10),
('2017-11-25 08:47:15', '2017-11-25 09:04:37', 21, 8),
('2017-11-25 08:51:36', '2017-11-25 09:05:52', 28, 10),
('2017-11-25 08:53:34', '2017-11-25 09:05:55', 44, 18),
('2017-11-25 09:05:35', '2017-11-25 09:14:08', 26, 6),
('2017-11-25 09:06:50', '2017-11-25 09:16:59', 5, 15),
('2017-11-25 09:09:15', '2017-11-25 09:19:50', 40, 9),
('2017-11-25 09:10:27', '2017-11-25 09:39:25', 23, 17),
('2017-11-25 09:12:59', '2017-11-25 09:22:21', 27, 4),
('2017-11-25 09:28:46', '2017-11-25 09:54:10', 12, 8),
('2017-11-25 09:36:09', '2017-11-25 09:58:42', 18, 1),
('2017-11-25 09:48:15', '2017-11-25 09:58:27', 43, 15),
('2017-11-25 10:05:30', '2017-11-25 10:21:59', 11, 5),
('2017-11-25 10:09:57', '2017-11-25 10:38:26', 14, 7),
('2017-11-25 10:17:38', '2017-11-25 10:39:25', 16, 15),
('2017-11-25 10:21:48', '2017-11-25 10:45:50', 11, 6),
('2017-11-25 10:34:48', '2017-11-25 10:56:34', 2, 10),
('2017-11-25 10:40:09', '2017-11-25 10:51:48', 4, 9),
('2017-11-25 10:45:03', '2017-11-25 10:57:37', 28, 1),
('2017-11-25 11:06:59', '2017-11-25 11:15:48', 38, 6),
('2017-11-25 11:33:54', '2017-11-25 11:44:37', 33, 20),
('2017-11-25 11:36:43', '2017-11-25 11:57:27', 42, 20),
('2017-11-25 11:38:14', '2017-11-25 11:46:42', 1, 14),
('2017-11-25 12:05:00', '2017-11-25 12:23:34', 28, 16),
('2017-11-25 12:15:00', '2017-11-25 12:31:06', 44, 5),
('2017-11-25 12:17:49', '2017-11-25 12:35:39', 37, 11),
('2017-11-25 12:22:17', '2017-11-25 12:42:08', 43, 20),
('2017-11-25 12:24:23', '2017-11-25 12:35:39', 48, 16),
('2017-11-25 12:47:49', '2017-11-25 13:04:00', 28, 5),
('2017-11-25 12:53:21', '2017-11-25 12:59:22', 12, 7),
('2017-11-25 12:57:31', '2017-11-25 13:19:50', 17, 16),
('2017-11-25 13:03:31', '2017-11-25 13:26:51', 27, 1),
('2017-11-25 13:06:01', '2017-11-25 13:28:10', 45, 17);

-- --------------------------------------------------------

--
-- Структура таблицы `repair`
--

CREATE TABLE `repair` (
  `repair_id` int(11) NOT NULL,
  `workshop_id` int(11) NOT NULL,
  `car_license_plate` text NOT NULL,
  `work_cost` int(11) NOT NULL,
  `date_of_check` datetime NOT NULL,
  `repair_description` text
) ENGINE=InnoDB DEFAULT CHARSET=utf8;

--
-- Дамп данных таблицы `repair`
--

INSERT INTO `repair` (`repair_id`, `workshop_id`, `car_license_plate`, `work_cost`, `date_of_check`, `repair_description`) VALUES
(13, 2, '0VZ5NUW', 5436, '2017-11-24 19:59:48', NULL),
(14, 3, 'H9Y645B', 15457, '2017-11-24 20:13:04', NULL),
(15, 5, '5AZ8TK4', 9526, '2017-11-24 21:16:28', NULL),
(16, 4, 'R231Q7G', 3479, '2017-11-24 21:17:47', NULL),
(17, 4, 'NF9N912', 17346, '2017-11-24 21:24:29', NULL),
(18, 1, 'KO3E9W8', 9169, '2017-11-24 21:32:51', NULL),
(19, 1, '2OJ0C81', 8237, '2017-11-24 21:46:09', NULL),
(20, 5, 'Z6631DO', 2697, '2017-11-24 22:07:38', NULL),
(21, 2, 'NF9N912', 5097, '2017-11-24 22:11:41', NULL),
(22, 1, 'L54404Q', 12793, '2017-11-24 22:18:51', NULL),
(23, 5, '3O4CX24', 7638, '2017-11-24 22:32:56', NULL),
(24, 1, 'R231Q7G', 8692, '2017-11-24 22:36:19', NULL),
(25, 1, 'FF71KW8', 6473, '2017-11-24 22:55:50', NULL),
(26, 1, '5896PPO', 17496, '2017-11-24 23:04:52', NULL),
(27, 4, 'QB7FKE6', 2950, '2017-11-24 23:09:25', NULL),
(28, 5, '654F7QS', 14030, '2017-11-24 23:16:24', NULL),
(29, 5, '4R5NL76', 11731, '2017-11-24 23:20:46', NULL),
(30, 2, '0353223', 5705, '2017-11-24 23:40:07', NULL),
(31, 5, '8X5B9FA', 6770, '2017-11-25 00:07:46', NULL),
(32, 2, 'P30PWH2', 3904, '2017-11-25 00:25:54', NULL),
(33, 3, 'G8RTSM9', 10565, '2017-11-25 00:49:10', NULL),
(34, 2, 'P30PWH2', 8721, '2017-11-25 00:54:04', NULL),
(35, 3, '4R5NL76', 9254, '2017-11-25 01:09:31', NULL),
(36, 4, 'W4RXBAR', 16044, '2017-11-25 01:14:38', NULL),
(37, 3, 'HR16X4L', 13554, '2017-11-25 01:45:04', NULL),
(38, 4, '86ZE6XR', 16559, '2017-11-25 01:50:36', NULL),
(39, 4, 'W3FFOV8', 16019, '2017-11-25 02:11:07', NULL),
(40, 2, '8594E2J', 9325, '2017-11-25 02:26:42', NULL),
(41, 4, 'R231Q7G', 17295, '2017-11-25 02:38:41', NULL),
(42, 5, 'AR8LSK2', 4420, '2017-11-25 03:14:07', NULL),
(43, 3, 'H9Y645B', 7018, '2017-11-25 03:20:27', NULL),
(44, 5, '8X5B9FA', 2773, '2017-11-25 04:28:09', NULL),
(45, 1, '2OJ0C81', 1227, '2017-11-25 05:20:54', NULL),
(46, 1, 'DD36N44', 12963, '2017-11-25 05:31:03', NULL),
(47, 3, '8594E2J', 10950, '2017-11-25 05:55:04', NULL),
(48, 3, 'NF9N912', 15102, '2017-11-25 06:04:33', NULL),
(49, 2, 'DD36N44', 9491, '2017-11-25 06:26:45', NULL),
(50, 3, 'QB7FKE6', 8871, '2017-11-25 06:35:43', NULL),
(51, 1, 'S47RCD0', 11118, '2017-11-25 06:38:28', NULL),
(52, 1, 'P2DH6X7', 19497, '2017-11-25 06:53:12', NULL),
(53, 5, 'TJCCEW7', 7452, '2017-11-25 07:27:30', NULL),
(54, 1, '3O4CX24', 15723, '2017-11-25 07:31:34', NULL),
(55, 2, 'S47RCD0', 13324, '2017-11-25 08:03:06', NULL),
(56, 4, 'JW21OBN', 18166, '2017-11-25 08:17:28', NULL),
(57, 2, 'J628L18', 3507, '2017-11-25 08:21:03', NULL),
(58, 4, 'DD36N44', 6754, '2017-11-25 09:00:17', NULL),
(59, 3, '5896PPO', 16278, '2017-11-25 09:18:29', NULL),
(60, 2, 'TJCCEW7', 3540, '2017-11-25 09:42:33', NULL),
(61, 2, '85HPYM7', 7761, '2017-11-25 10:35:57', NULL),
(62, 1, 'OL1EJQ4', 12597, '2017-11-25 10:45:45', NULL),
(63, 1, '58M7132', 9136, '2017-11-25 11:29:43', NULL),
(64, 2, 'FF71KW8', 6680, '2017-11-25 11:42:17', NULL),
(65, 3, '2OJ0C81', 10449, '2017-11-25 11:43:37', NULL),
(66, 1, '654F7QS', 2504, '2017-11-25 11:47:36', NULL),
(67, 4, '58M7132', 1963, '2017-11-25 11:48:58', NULL),
(68, 2, 'P2DH6X7', 1272, '2017-11-25 12:18:59', NULL),
(69, 2, '86ZE6XR', 9221, '2017-11-25 12:21:32', NULL),
(70, 2, 'Z6631DO', 19748, '2017-11-25 12:36:52', NULL);

-- --------------------------------------------------------

--
-- Структура таблицы `socket`
--

CREATE TABLE `socket` (
  `socket_id` int(11) NOT NULL,
  `station_id` int(11) NOT NULL,
  `plug_shape` text NOT NULL
) ENGINE=InnoDB DEFAULT CHARSET=utf8;

--
-- Дамп данных таблицы `socket`
--

INSERT INTO `socket` (`socket_id`, `station_id`, `plug_shape`) VALUES
(1, 13, 'M'),
(2, 5, 'H'),
(3, 10, 'I'),
(4, 19, 'O'),
(5, 7, 'A'),
(6, 15, 'A'),
(7, 15, 'K'),
(8, 19, 'F'),
(9, 9, 'N'),
(10, 7, 'L'),
(11, 11, 'D'),
(12, 9, 'H'),
(13, 7, 'C'),
(14, 16, 'L'),
(15, 6, 'O'),
(16, 12, 'C'),
(17, 5, 'I'),
(18, 5, 'L'),
(19, 7, 'G'),
(20, 19, 'G'),
(21, 15, 'I'),
(22, 2, 'M'),
(23, 3, 'G'),
(24, 6, 'I'),
(25, 18, 'D'),
(26, 3, 'F'),
(27, 15, 'M'),
(28, 8, 'O'),
(29, 8, 'C'),
(30, 4, 'C'),
(31, 18, 'A'),
(32, 2, 'E'),
(33, 7, 'G'),
(34, 4, 'J'),
(35, 6, 'A'),
(36, 15, 'I'),
(37, 2, 'I'),
(38, 4, 'N'),
(39, 3, 'K'),
(40, 16, 'J'),
(41, 20, 'L'),
(42, 15, 'E'),
(43, 2, 'I'),
(44, 12, 'E'),
(45, 2, 'M'),
(46, 4, 'G'),
(47, 2, 'G'),
(48, 5, 'I'),
(49, 5, 'D'),
(50, 9, 'K'),
(51, 9, 'C'),
(52, 14, 'K'),
(53, 19, 'O'),
(54, 16, 'C'),
(55, 5, 'L'),
(56, 12, 'I'),
(57, 5, 'J'),
(58, 10, 'E'),
(59, 15, 'J'),
(60, 4, 'O'),
(61, 15, 'G'),
(62, 10, 'C'),
(63, 15, 'J'),
(64, 16, 'O'),
(65, 13, 'A'),
(66, 7, 'O'),
(67, 10, 'J'),
(68, 18, 'H'),
(69, 14, 'J'),
(70, 11, 'C'),
(71, 13, 'D'),
(72, 12, 'F'),
(73, 20, 'I'),
(74, 7, 'F'),
(75, 7, 'C'),
(76, 19, 'D'),
(77, 3, 'L'),
(78, 9, 'D'),
(79, 20, 'B'),
(80, 15, 'J');

-- --------------------------------------------------------

--
-- Структура таблицы `system_administrator`
--

CREATE TABLE `system_administrator` (
  `system_administrator_id` int(11) NOT NULL
) ENGINE=InnoDB DEFAULT CHARSET=utf8;

-- --------------------------------------------------------

--
-- Структура таблицы `user`
--

CREATE TABLE `user` (
  `user_id` int(11) NOT NULL,
  `full_name` text NOT NULL,
  `e-mail` text NOT NULL,
  `phone_number` text NOT NULL,
  `location_of_residence` text NOT NULL,
  `username` text NOT NULL,
  `password_hash` text NOT NULL,
  `bank_account` text NOT NULL
) ENGINE=InnoDB DEFAULT CHARSET=utf8;

--
-- Дамп данных таблицы `user`
--

INSERT INTO `user` (`user_id`, `full_name`, `e-mail`, `phone_number`, `location_of_residence`, `username`, `password_hash`, `bank_account`) VALUES
(1, 'Bogdan Fedotov', 'b.fedotov@innopolis.ru', '+79869185046', 'Innopolis', 'kek', 'fgfsad', '1236581738162'),
(9901, 'Cecil Boyko', 'c.boyko@yandex.ru', '+72275166235', '143, San Fierro Scenic Road, Paris', 'ChronicleupLedger706Away>', '-8920053963851362874', '2963557350650556'),
(9902, 'Lily Shevchenko', 'l.shevchenko@inbox.com', '+78058234249', '197, Julius Thruway, Barcelona', 'BiologiEzstorv3871', '8992226749494826291', '1783413043871591'),
(9903, 'Barret Wagner', 'b.wagner@yandex.ru', '+75892264678', '91, San Fierro Scenic Road, Paris', 'MonGamerKatLedgerAway', '6999977137853371996', '0987096988210826'),
(9904, 'Damon Larsen', 'd.larsen@yandex.ru', '+71169100758', '251, Broadway, Berlin', 'AortamiFunThenorn(♥ω♥*)', '2631730127234636299', '1867194561752707'),
(9905, 'Ode Nilsen', 'o.nilsen@mail.ru', '+78933384600', '200, Broadway, Osaka', 'Monst+ercaEnjoyerie(ﾉ◕ヮ◕)ﾉ*:･ﾟ✧', '-8087286010848472468', '5419942440881640'),
(9906, 'Lena Gruber', 'l.gruber@mail.ru', '+73057276192', '268, Interstate 45, Moscow', 'BauerReptileJeanUpdates', '-8090288354285386953', '2602572871726350'),
(9907, 'Normand Andersen', 'n.andersen@yahoo.com', '+72712605776', '162, Julius Thruway, Berlin', 'Chell9125GazetteJungRacing', '318410576161902968', '5302239225516278'),
(9908, 'Berry Rossi', 'b.rossi@yahoo.com', '+72796314668', '50, Dix Road, Moscow', 'AmgustamFreakeronge', '1333765378347134988', '4147122360124519'),
(9909, 'Alisha Silva', 'a.silva@inbox.com', '+78131096076', '104, Saints Boulevard, Saint Petersburg', 'BlondievelyLouislogi', '-5738449478655602364', '5920909356637813'),
(9910, 'Barret Shevchenko', 'b.shevchenko@yandex.ru', '+77443454420', '219, Main Street, Omsk', '$MonGamerKatJuzTrickyDeck', '-7709838502792543291', '4821156318310847'),
(9911, 'Cindi Olsen', 'c.olsen@yahoo.com', '+72791029805', '21, Fifth Avenue, Moscow', 'BillS6223elfDronusedal', '-5747000919284143080', '3008137229453491'),
(9912, 'Ode Huber', 'o.huber@mail.ru', '+79165513479', '204, Grove Street, Athens', 'NoteDarkFaceGreyeprico', '8255119479214251793', '2804262181541592'),
(9913, 'Cecil Melnyk', 'c.melnyk@rambler.ru', '+74982270271', '268, Auto Circle, Ankara', 'Momen2153techGoWeblogTins', '-9073868759382799610', '9007071025703950'),
(9914, 'Carina Nilsen', 'c.nilsen@gmail.com', '+77683784813', '63, Old Venturas Strip, Rome', 'BauerRepti$leDagenera', '8878579076787100116', '4777927412948207'),
(9915, 'Irvine Gruber', 'i.gruber@mail.ru', '+79798397973', '262, 6th Street, Omsk', 'AirCartJillered', '-5798069771391422158', '4803938622806497'),
(9916, 'Gwenevere Melnyk', 'g.melnyk@rambler.ru', '+75848420613', '201, Broadway, Krasnoyarsk', 'ChunkyouetDonstest', '-7176946688107180170', '3226679143203363'),
(9917, 'Eveline Shevchenko', 'e.shevchenko@ya.ru', '+73963724268', '291, Auto Circle, Chicago', 'ComiconesJuzTrickyDeck', '3360814844227726693', '1713410687179845'),
(9918, 'Kyle Rossi', 'k.rossi@yahoo.com', '+78897100022', '268, Las Venturas Boulevard, London', 'MessageSosaGoWeb/logTins', '-9042140091956588216', '9045454427904344'),
(9919, 'Cecil Huber', 'c.huber@gmail.com', '+78517184426', '205, Interstate 45, Osaka', 'AirCartLetterIffy', '-4736070525285764107', '0910640665169644'),
(9920, 'Eden Andersen', 'e.andersen@inbox.com', '+75093291829', '272, Grove Street, Madrid', 'Admiradom9205Dagenera', '44021890232191837', '4442680321608267'),
(9921, 'Barret Santos', 'b.santos@yahoo.com', '+71891788764', '91, Mulholland Drive, Athens', 'CorpholeDonstest', '-2434152594993082360', '0641569694180595'),
(9922, 'Jarred Nilsen', 'j.nilsen@gmail.com', '+75179954090', '199, Fifth Avenue, Krasnoyarsk', 'BillSelfJuzTrickyDeck', '-1430680806257287865', '7763437214717961'),
(9923, 'Lena Santos', 'l.santos@gmail.com', '+71825765173', '300, 6th Street, Omsk', 'MonstercaInteriorne', '3158656675330726411', '8120217911183257'),
(9924, 'Mike Wagner', 'm.wagner@yandex.ru', '+78380624508', '33, Main Street, Helsinki', 'CistKlugKaasani', '8072181736961023918', '1304505070338528'),
(9925, 'Kyle Boyko', 'k.boyko@inbox.com', '+76979554788', '186, Auto Circle, Ankara', 'ChellGazetteEquentum', '-5181949562444848767', '9964210247188505'),
(9926, 'Jaymes Rossi', 'j.rossi@inbox.com', '+76982216640', '117, Julius Thruway, Madrid', 'BillSelfGambitrice', '4190989302540112348', '5354639263613250'),
(9927, 'Cecil Wagner', 'c.wagner@ya.ru', '+79011872875', '146, Saints Boulevard, Saint Petersburg', 'ClartorgJeanUpdates', '-532654711974600375', '5847020894728927'),
(9928, 'Kyle Gruber', 'k.gruber@yahoo.com', '+75770871125', '232, Mulholland Drive, Innopolis', 'BlondievelyFreakeronge', '174564048489884047', '0863434473031361'),
(9929, 'Gilbert Hansen', 'g.hansen@yahoo.com', '+79521078455', '105, Julius Thruway, Berlin', 'CistKlugLawFun', '-1345283884706840525', '0468553814496631'),
(9930, 'Normand Wagner', 'n.wagner@inbox.com', '+75311675014', '153, Julius Thruway, Berlin', 'AdmiradomDagenera', '154588738883551035', '3678966229081788'),
(9932, 'Ode Huber', 'o.huber@yandex.ru', '+75417108321', '252, Harry Gold Parkway, Paris', 'CorpholeFunThenorn', '323028249643836903', '9311190889856936'),
(9933, 'Ellis Johansen', 'e.johansen@ya.ru', '+71860255090', '314, Harry Gold Parkway, Kazan', 'MediumeratManiakNotice', '748995553901698653', '7403897746848887'),
(9934, 'Jarred Huber', 'j.huber@gmail.com', '+73307509480', '165, Main Street, Barcelona', 'Chro|nicleupHolydatens', '-7439831698857694329', '4843430352930240'),
(9935, 'Debi Andersen', 'd.andersen@yahoo.com', '+78598800654', '165, Dix Road, Moscow', 'Mell5658owKitLetterIffy', '7804654525692682078', '3151184769142177'),
(9936, 'Carina Russo', 'c.russo@ya.ru', '+75610829872', '252, Saints Boulevard, Tomsk', 'PenguingsGoWeblogTins', '8174223399220032797', '1539858867262425'),
(9937, 'Kris Wagner', 'k.wagner@gmail.com', '+74911689813', '246, 6th Street, Ankara', 'AmgustamGambitrice(=ↀωↀ=)', '1848945035734281868', '4044851409930653'),
(9938, 'Cecil Rossi', 'c.rossi@yandex.ru', '+75824997236', '35, Hasselhoff Street, Chicago', 'C1267rossoriaLouislogi', '-671796192814957500', '7631856155823855'),
(9939, 'Jarred Huber', 'j.huber@rambler.ru', '+78535796722', '213, San Fierro Scenic Road, Baltimore', 'Cor2655pholeLouislogi', '-3141183625678473774', '7636915885999635'),
(9940, 'Rubye Shevchenko', 'r.shevchenko@rambler.ru', '+78321093387', '221, Old Venturas Strip, Kazan', 'BiologiJillered(҂⌣̀_⌣́)', '2516656089359763776', '5775364669898021'),
(9941, 'Debi Olsen', 'd.olsen@ya.ru', '+71317181893', '197, Mulholland Drive, Dublin', 'MessageSosaExtraRosesAngel', '9219272214908645320', '7292906026137559'),
(9942, 'Mike Melnyk', 'm.melnyk@mail.ru', '+74934042794', '304, Mulholland Drive, Baltimore', 'AlertstericExtraRosesAngel', '-7104907228029973227', '4830731072303124'),
(9943, 'Ode Hansen', 'o.hansen@yandex.ru', '+76770514105', '260, 6th Street, Ryazan', 'CakenteliaLawFun', '-8127229208920810365', '0569591605165267'),
(9944, 'Kyle Andersen', 'k.andersen@gmail.com', '+79321394211', '244, 6th Street, Tomsk', '&BillSelfEnjoyerie', '7641793475119970482', '6498565166234780'),
(9945, 'Barret Bruno', 'b.bruno@yandex.ru', '+74173756078', '280, Hasselhoff Street, Barcelona', 'Mofferl?istInebayer(๑•́ ω •̀๑)', '-6549600212678659665', '9192589488417150'),
(9946, 'Kyle Boyko', 'k.boyko@yandex.ru', '+73001177368', '232, Harry Gold Parkway, Innopolis', 'CorpholeLar2360katel', '-5289518874591302332', '5788429938170163'),
(9947, 'Jennifer Santos', 'j.santos@yandex.ru', '+71927655911', '112, Grove Street, London', 'C/lartorgHelloft', '6259552853071109780', '2147845023080223'),
(9948, 'Anne Shevchenko', 'a.shevchenko@rambler.ru', '+76067598385', '301, Auto Circle, Athens', 'MonGamerKatGigglyphar', '7012638293006781073', '3655408041124762'),
(9949, 'Berry Huber', 'b.huber@yandex.ru', '+78754565803', '204, Grove Street, Berlin', 'MessageSosaInebayer', '63621813445725409', '0952043226122483'),
(9950, 'Gwendolyn Huber', 'g.huber@yandex.ru', '+78028288269', '126, Auto Circle, Saint Petersburg', 'PaceltheIneb-ayer', '7477369624417869321', '6633942259774536'),
(9951, 'Berry Olsen', 'b.olsen@gmail.com', '+76769320767', '219, Market Boulevard, Kazan', 'MellowKitEzstorv', '6436594995241487991', '5074575077671575'),
(9952, 'Ode Santos', 'o.santos@inbox.com', '+72982416538', '49, Main Street, Dublin', 'BeastargiumLaurenic', '3758201113463689792', '4459940384591623'),
(9953, 'Frieda Steiner', 'f.steiner@gmail.com', '+79842446376', '183, San Fierro Scenic Road, Ryazan', 'CrossoriaGoWeblo8818gTins', '-9218543816467892453', '9890338565470130'),
(9954, 'Debi Shevchenko', 'd.shevchenko@ya.ru', '+74378517233', '114, Fifth Avenue, Athens', 'CorpholeLarkatel', '7535755257531628127', '1263347933139507'),
(9955, 'Lena Moser', 'l.moser@ya.ru', '+72251818601', '124, Harry Gold Parkway, London', 'Candy>WavesMonGreyeprico', '-5991472266499646459', '1641465427057542'),
(9956, 'Anne Bruno', 'a.bruno@rambler.ru', '+79521389296', '151, Auto Circle, Innopolis', 'AlertstericEnjoyerie', '382097541081713552', '5875419184694339'),
(9957, 'Ellis Rossi', 'e.rossi@ya.ru', '+77684828749', '301, Dix Road, Omsk', 'BiologiEquentum', '-5657762659708146211', '9216294961578031'),
(9958, 'Aria Russo', 'a.russo@yahoo.com', '+71539652274', '106, Main Street, Perm', 'MalthisoJoyougheenr(●///▽///●)', '-4995977381526653856', '7249252752513974'),
(9959, 'Kyle Moser', 'k.moser@inbox.com', '+74729655531', '101, 6th Street, Saint Petersburg', 'MomentechInikrine', '-3381936827557783689', '2765890838236970'),
(9960, 'Aleesha Santos', 'a.santos@ya.ru', '+77847951219', '141, Grove Street, Yekaterinburg', 'MofferlistGoofyrellak', '3731933957801712983', '5203085528836278'),
(9961, 'Berry Mayer', 'b.mayer@rambler.ru', '+77693131907', '60, Main Street, Yekaterinburg', 'CorpholeInebayer(๑•́ ω •̀๑)', '-142133298352966141', '3400475711600732'),
(9962, 'Debi Larsen', 'd.larsen@rambler.ru', '+73602410191', '114, Fifth Avenue, Bogotá', 'BauerReptileInikrine', '2015639127762893767', '9928368456125831'),
(9963, 'Rubye Melnyk', 'r.melnyk@ya.ru', '+79542545431', '107, 6th Street, Chicago', 'BillSelfJuz&TrickyDeck', '878395794880033513', '3186190639031101'),
(9964, 'Gwenevere Bruno', 'g.bruno@ya.ru', '+73368819577', '78, Hasselhoff Street, Athens', 'BinderSeeEquentum', '6317854653495199210', '8393085725836733'),
(9966, 'Anne Santos', 'a.santos@yandex.ru', '+74592205751', '160, Hasselhoff Street, London', 'MessageSosaJillered', '6587191875126065796', '8408279695848911'),
(9967, 'Ode Hansen', 'o.hansen@gmail.com', '+74543831457', '226, Julius Thruway, Athens', '4meandthiKittyFamous', '-8719935959473698635', '2743728961997821'),
(9968, 'Jill Boyko', 'j.boyko@yahoo.com', '+72203546785', '143, Broadway, Chicago', 'AmgustamInebaye6458r', '-6197319969320803691', '1267667920260690'),
(9969, 'Mike Nilsen', 'm.nilsen@mail.ru', '+77163289084', '275, 6th Street, Bogotá', 'Monst-ercaDronusedal', '-5704637788268123642', '0745279092247524'),
(9970, 'Kyle Santos', 'k.santos@ya.ru', '+79410983626', '292, Dix Road, Athens', 'Pacelth$eKaasani', '1123469586891517961', '9100987759268614'),
(9971, 'Lena Olsen', 'l.olsen@mail.ru', '+75038810147', '152, Main Street, Innopolis', 'ContentecutConspiracy', '7024885431710378718', '9698029140612911'),
(9972, 'Harold Rossi', 'h.rossi@mail.ru', '+71196773657', '54, Julius Thruway, Perm', 'ContentecutGreyeprico', '-6026240204695625392', '0595740130871327'),
(9973, 'Eveline Larsen', 'e.larsen@rambler.ru', '+73580438835', '241, Auto Circle, Berlin', 'Ad>miradomLawFun', '1395276108819656783', '8988651970813345'),
(9974, 'Aleesha Rossi', 'a.rossi@rambler.ru', '+76164332755', '192, Broadway, Novosibirsk', 'Amgusta9516mEzstorv', '1741655349393047210', '2656885440389978'),
(9975, 'Irvine Gruber', 'i.gruber@gmail.com', '+76839476949', '94, Fifth Avenue, Saint Petersburg', 'BauerReptileFunThenorn', '1527624688318747456', '2932500817907240'),
(9976, 'Catherine Pichler', 'c.pichler@rambler.ru', '+77926248265', '208, Mulholland Drive, Paris', 'No|teSumoGreyeprico', '8081267838300089158', '1981738259206046'),
(9977, 'Berry Steiner', 'b.steiner@gmail.com', '+79894181898', '68, Main Street, Saint Petersburg', 'BillSelfFreakerongeღゝ◡╹)ノ♡', '3211138894637434385', '7918768286493618'),
(9978, 'Normand Mayer', 'n.mayer@inbox.com', '+72301592602', '103, Market Boulevard, Novosibirsk', 'MofferlistKaasani', '1093762269487576277', '5888973200926257'),
(9979, 'Jill Olsen', 'j.olsen@rambler.ru', '+79436474349', '101, 6th Street, Moscow', 'BroadwayAngelicLawFun', '-8177240427914583085', '3415447362255834'),
(9980, 'Berry Santos', 'b.santos@ya.ru', '+73507654210', '95, Las Venturas Boulevard, Vladivostok', 'MediumeratEquentum', '-1807069170754537609', '1133088007079292'),
(9981, 'Irvine Wagner', 'i.wagner@gmail.com', '+71980744986', '169, Dix Road, Ryazan', 'MonGamerKatLawFun', '-7193666668527048497', '5360459658186026'),
(9982, 'Damon Pichler', 'd.pichler@yahoo.com', '+78245654780', '286, Dix Road, Moscow', 'CistKlugJuzTrickyDeck', '5265692027032653804', '2247590968643477'),
(9983, 'Jarred Nilsen', 'j.nilsen@yahoo.com', '+73109490512', '115, Julius Thruway, Moscow', 'BlondievelyEzstorv(^･ｪ･^)', '-7023408740506793185', '8756765265112176'),
(9985, 'Olive Wagner', 'o.wagner@ya.ru', '+74416946212', '268, Harry Gold Parkway, Chicago', 'MofferlistEzstorv', '707936032242320542', '6119163968862362'),
(9986, 'Cecil Mayer', 'c.mayer@yahoo.com', '+77439941540', '84, 6th Street, Krasnoyarsk', 'NoteDarkFac2087eEzstorv', '7811180241804282985', '3124329502766619'),
(9987, 'Irvine Olsen', 'i.olsen@mail.ru', '+75564708164', '212, Hasselhoff Street, Baltimore', 'MonstercaHell*oft3510', '-5438954632722856055', '0088697956698330'),
(9988, 'Gretta Olsen', 'g.olsen@inbox.com', '+77555465263', '16, Broadway, Athens', 'CakenteliaFreakeronge', '-1132105153004415872', '4307160783761198'),
(9989, 'Anne Olsen', 'a.olsen@ya.ru', '+74830064956', '72, Julius Thruway, Tomsk', 'CorpholeJoyougheenr', '-2769814173027262082', '3289363647264924'),
(9990, 'Jaymes Rossi', 'j.rossi@gmail.com', '+79599970320', '215, Broadway, Madrid', 'CandyWavesMonEz2230storv', '-9087734281587161794', '2919779588234550'),
(9991, 'Berry Shevchenko', 'b.shevchenko@mail.ru', '+72050789010', '113, Auto Circle, Perm', 'ChunkyouetHelloft', '4062436299639573794', '1954877042695515'),
(9992, 'Irvine Russo', 'i.russo@yandex.ru', '+72775482715', '215, Dix Road, Innopolis', 'PaceltheLawFun', '7078384844861710820', '5517855095554698'),
(9993, 'Irvine Huber', 'i.huber@yandex.ru', '+76892806731', '235, Broadway, Chicago', 'BromorksKittyFamous', '981246377534779454', '1074789089038277'),
(9995, 'Cecil Larsen', 'c.larsen@yandex.ru', '+78068574036', '210, Julius Thruway, Athens', 'MessageSosaGoWeblogTi3933ns(⁎˃ᆺ˂)', '-9138121863304255166', '2625797808524159'),
(9996, 'Anne Bauer', 'a.bauer@yahoo.com', '+77540869710', '47, Julius Thruway, Ankara', 'NoteSumoInikrine', '-562400416307456102', '8203917923765167'),
(9997, 'Mike Mayer', 'm.mayer@gmail.com', '+76530684470', '94, Hasselhoff Street, Dublin', 'BlondievelyMani|akNotice', '2507677629401215063', '3388521888123268'),
(9998, 'Jarred Rossi', 'j.rossi@yandex.ru', '+78333299687', '25, Main Street, Yekaterinburg', 'ChellGazetteHelloft彡ﾟ◉ω◉ )つー☆*', '7131361700141515981', '0986312334621036'),
(9999, 'Gilbert Santos', 'g.santos@rambler.ru', '+76071094723', '264, Dix Road, Yekaterinburg', 'CorpholeGambitric1954$e(๑•́ ω •̀๑)', '-8758623701299954654', '4274784756970267'),
(10000, 'Normand Moser', 'n.moser@ya.ru', '+75286850291', '140, Main Street, Perm', 'BeastargiumGreyepricoლ(ಠ_ಠლ)', '-3518049257066994667', '5408228857797450'),
(10001, 'Lily Shevchenko', 'l.shevchenko@yahoo.com', '+74515275028', '127, Las Venturas Boulevard, Yekaterinburg', 'PenguingsCovenkle', '3619704516107989482', '5967628233237972'),
(10003, 'Anne Bruno', 'a.bruno@yahoo.com', '+71730227617', '168, Julius Thruway, Innopolis', 'BinderSeeLou341islogi', '-256785640439668898', '9304147534834008'),
(10004, 'Irvine Bruno', 'i.bruno@inbox.com', '+73770865035', '224, Broadway, Ryazan', 'AdmiradomInikrine2483', '2390694521911286804', '3684599920815218'),
(10005, 'Damon Wagner', 'd.wagner@yandex.ru', '+79903070104', '230, 6th Street, Perm', 'CandyWavesMonLetterIffy', '6848867739703422464', '2180226226571538'),
(10007, 'Debi Hansen', 'd.hansen@gmail.com', '+77100160335', '92, Grove Street, Krasnoyarsk', 'MessageSosaLawFunᏊᵋꈊᵋᏊ', '1215382330426913998', '6287651556186524'),
(10008, 'Mike Larsen', 'm.larsen@ya.ru', '+79330122777', '88, Old Venturas Strip, Barnaul', 'NoteSumoJuzTrickyDeck', '5284492644399575774', '9697605184543641'),
(10009, 'Eveline Bruno', 'e.bruno@gmail.com', '+73426695152', '146, Auto Circle, Ankara', 'AirCartLe5050dgerAway', '-5183137455101625578', '9870838404108255'),
(10010, 'Gwenevere Pichler', 'g.pichler@rambler.ru', '+75010007616', '16, Las Venturas Boulevard, Berlin', 'BroadwayAngelicEnjoyer3226ie', '3583462405534181274', '8182033600957120'),
(10011, 'Eveline Santos', 'e.santos@ya.ru', '+71717018574', '129, Harry Gold Parkway, London', 'CistKlugGambitrice', '6408102401320809036', '0487155196419321'),
(10013, 'Frieda Bauer', 'f.bauer@inbox.com', '+77722059482', '203, Dix Road, Tomsk', 'BauerReptileExtraRosesAngel', '-7339119715298240548', '1742117847623689'),
(10014, 'Debi Nilsen', 'd.nilsen@yahoo.com', '+77448253327', '145, Hasselhoff Street, Kazan', 'NoteSumoGoWeblogTins', '5003223696567579041', '3183704719962830'),
(10015, 'Ode Olsen', 'o.olsen@mail.ru', '+76308052657', '45, Julius Thruway, Tomsk', 'NoteDarkFaceFreakeronge', '-8824693220093324700', '7741153912211342'),
(10016, 'Alisha Mayer', 'a.mayer@inbox.com', '+73896256155', '161, Main Street, Novosibirsk', 'BiologiJeanUpdat3663es', '7154033766515556684', '6988864357478735'),
(10017, 'Debi Silva', 'd.silva@ya.ru', '+72150379750', '284, Interstate 45, Novosibirsk', 'Pityp8701ellEzstorv', '1527890083235886734', '3100020544944734'),
(10018, 'Damon Steiner', 'd.steiner@ya.ru', '+78131291957', '226, Grove Street, Kazan', 'Blackence254ssDonstest_', '4957215578169196381', '3985885833362786'),
(10020, 'Gretta Hansen', 'g.hansen@ya.ru', '+73140734527', '285, 6th Street, Helsinki', 'Ci3977stKlugCovenkle', '5136908368907053875', '8913099399265919'),
(10021, 'Aria Huber', 'a.huber@ya.ru', '+74224697393', '291, 6th Street, Ankara', 'CandyWavesMonLedgerAw/ay', '-1650901245095529462', '0954548720969938'),
(10022, 'Normand Larsen', 'n.larsen@yandex.ru', '+79888585872', '118, Old Venturas Strip, Athens', 'ClartorgInteriorne', '-6883818367358976218', '7641344832315006'),
(10024, 'Kyle Wagner', 'k.wagner@ya.ru', '+77432282595', '209, San Fierro Scenic Road, Moscow', 'ContentecutEzstor7725v', '-2850026741262780259', '3258676174453937'),
(10025, 'Gilbert Bauer', 'g.bauer@rambler.ru', '+73436564839', '117, Mulholland Drive, Bogotá', 'BeastargiumJuzTrickyDeck', '7373411869451320329', '9699714118518104'),
(10026, 'Jarred Pichler', 'j.pichler@mail.ru', '+75094187246', '160, Market Boulevard, Osaka', 'NoteDarkFaceLetterIffy', '-3358692595894642581', '6889421186972667'),
(10027, 'Mike Olsen', 'm.olsen@rambler.ru', '+74840258517', '260, Auto Circle, Ankara', 'PitypellInebayer(҂⌣̀_⌣́)', '3130306989931185488', '0387561602955296'),
(10028, 'Aleesha Andersen', 'a.andersen@yandex.ru', '+72344405934', '88, Market Boulevard, Helsinki', 'BiologiLouislogi', '-6132920650941387843', '1450224125349622'),
(10029, 'Harold Larsen', 'h.larsen@mail.ru', '+76887474111', '40, Saints Boulevard, Omsk', 'MalthisoKittyFamous&', '-4490026389358648647', '0445076042235983'),
(10030, 'Kyle Mayer', 'k.mayer@mail.ru', '+71759539446', '165, Mulholland Drive, Tomsk', 'BiologiInikr1161ine', '-3452185692742286124', '7533914502315284'),
(10031, 'Barret Andersen', 'b.andersen@yandex.ru', '+75728353016', '135, Market Boulevard, Barcelona', 'AortamiCovenkle(♥ω♥*)', '-921979920603434449', '8719055226754591'),
(10032, 'Barret Steiner', 'b.steiner@ya.ru', '+74339750723', '62, Grove Street, Athens', 'ChunkyouetGoWeblogTins', '5583226266792886140', '8808734265522408'),
(10033, 'Jill Silva', 'j.silva@yahoo.com', '+76070368581', '235, Las Venturas Boulevard, Krasnoyarsk', 'BeastargiumDonstest(ﾉ◕ヮ◕)ﾉ*:･ﾟ✧', '-3430325395438510167', '8117905641371945'),
(10034, 'Kris Mayer', 'k.mayer@rambler.ru', '+78331903599', '97, Broadway, Barcelona', '_PaceltheKittyFamous', '-5337952863709403186', '7466935979035704'),
(10035, 'Berry Bauer', 'b.bauer@ya.ru', '+73845839408', '203, Market Boulevard, Madrid', '4meandthiManesoft', '-2152614854394845411', '2471544003182553'),
(10036, 'Cecil Rossi', 'c.rossi@inbox.com', '+78253064767', '196, Old Venturas Strip, Ankara', 'MomentechJoyougheenr', '2906065287450661274', '1612995313769123'),
(10037, 'Fay Silva', 'f.silva@mail.ru', '+72118427091', '132, Broadway, Ankara', 'BauerReptileLetterIffy(♥ω♥*)', '2312344188694917318', '0989087331086403'),
(10038, 'Gretta Johansen', 'g.johansen@yahoo.com', '+73949899930', '232, Mulholland Drive, Perm', 'AortamiGambitrice', '-6793662412332367737', '4701357659787033'),
(10039, 'Irvine Rossi', 'i.rossi@yandex.ru', '+73235910985', '216, Hasselhoff Street, Perm', 'MonGamerKatDonstest', '-9142804167036313555', '4764440524246902'),
(10040, 'Irvine Hansen', 'i.hansen@mail.ru', '+78444828558', '295, Mulholland Drive, Barcelona', 'MomentechEzstorv', '4224313665326142232', '5209764243846131'),
(10041, 'Debi Gruber', 'd.gruber@yahoo.com', '+78511504982', '299, Harry Gold Parkway, Helsinki', 'BiologiGoofyrellak(●///▽///●)', '-949845413857942768', '8559135612798352'),
(10042, 'Debi Santos', 'd.santos@rambler.ru', '+72758881188', '205, Auto Circle, Innopolis', 'CandyWavesMonDonstes/t', '-2594954928471489064', '8105036677749104'),
(10043, 'Aleesha Pichler', 'a.pichler@rambler.ru', '+71471889474', '140, Broadway, Dublin', 'ChronicleupKittyFamou2194s(๑•́ ω •̀๑)', '4314041485486413889', '1233231600502068'),
(10044, 'Debi Melnyk', 'd.melnyk@inbox.com', '+78454772621', '70, 6th Street, Helsinki', 'NoteSumoKittyFamous', '7785530875088630169', '4780359422366352'),
(10045, 'Alexia Melnyk', 'a.melnyk@rambler.ru', '+71212248050', '123, Auto Circle, Rome', 'CistKlugManesoft$', '-8727139928205280380', '6326493409546261'),
(10046, 'Berry Boyko', 'b.boyko@mail.ru', '+75139490165', '95, Julius Thruway, Yekaterinburg', 'ChronicleupGoofyrellak', '-7872645452713034679', '5755776226346082'),
(10047, 'Ode Steiner', 'o.steiner@yandex.ru', '+75442543091', '235, 6th Street, Osaka', 'NoteDarkFaceManiakNotice', '-5731235245013087549', '7092072274622082'),
(10048, 'Jaymes Huber', 'j.huber@mail.ru', '+78583996762', '144, Grove Street, Ankara', 'NoteSumoLawFun', '7809051354834012200', '7567142990844858'),
(10049, 'Anne Nilsen', 'a.nilsen@mail.ru', '+71454633696', '41, San Fierro Scenic Road, Kazan', 'NoteSumoManiakNotice', '-9177154187175734109', '3983066072273618'),
(10050, 'Eden Pichler', 'e.pichler@mail.ru', '+73932787619', '264, Fifth Avenue, Moscow', 'MediumeratEzstorvლ(ಠ_ಠლ)', '-2969380232768949265', '1041157935905442'),
(10052, 'Gwenevere Johansen', 'g.johansen@gmail.com', '+72638544398', '166, 6th Street, Berlin', 'Mon19?64GamerKatGigglyphar', '-5718445231035405135', '2075794363989134'),
(10053, 'Jarred Bauer', 'j.bauer@yahoo.com', '+75427637498', '256, Saints Boulevard, Innopolis', 'MellowKitFunThenorn', '-3000740883705450737', '4231202347735783'),
(10054, 'Anne Gruber', 'a.gruber@yandex.ru', '+72887423449', '214, Market Boulevard, Bogotá', 'Pe455nguingsGoofyrella|k', '-6451342726711771278', '5126906105435743'),
(10055, 'Debi Melnyk', 'd.melnyk@rambler.ru', '+74702560512', '16, Harry Gold Parkway, Madrid', 'BeastargiumHelloft', '-1392778652659684280', '5237343929815606'),
(10056, 'Cecil Larsen', 'c.larsen@yahoo.com', '+79219658678', '207, Grove Street, Berlin', 'AmgustamDonstest', '-1229694914711448046', '7786084443166315'),
(10057, 'Gretta Johansen', 'g.johansen@rambler.ru', '+79839565356', '171, 6th Street, Novosibirsk', 'BauerReptileDronusedal', '-2185699031952023260', '3342119773805825'),
(10059, 'Aria Boyko', 'a.boyko@ya.ru', '+76624564413', '128, Saints Boulevard, Novosibirsk', 'BauerReptileEnjo>yerie', '-7485591331085844212', '4148944317717668'),
(10060, 'Alisha Larsen', 'a.larsen@yahoo.com', '+78121813480', '173, Hasselhoff Street, Saint Petersburg', 'BroadwayAngelicGigglyphar', '-1144781178838186847', '8051154522746564'),
(10061, 'Kris Huber', 'k.huber@rambler.ru', '+73387438540', '19, Main Street, Vladivostok', 'BroadwayAngelicInikrine', '4510912615431805162', '4658530587431419'),
(10062, 'Jaymes Mayer', 'j.mayer@gmail.com', '+76960975074', '156, Hasselhoff Street, Berlin', 'ComiconesHolydatens', '8053410422610498801', '4816440820652608'),
(10063, 'Ode Steiner', 'o.steiner@rambler.ru', '+74778419908', '134, Fifth Avenue, Barnaul', '<AirCartDagenera(ﾉ◕ヮ◕)ﾉ*:･ﾟ✧', '-8435163509208442733', '3277477651981435'),
(10066, 'Jarred Russo', 'j.russo@inbox.com', '+72630352414', '156, Saints Boulevard, Tomsk', 'AortamiGoofyrellak', '-8384242814607212863', '9760953973047819'),
(10067, 'Rubye Wagner', 'r.wagner@inbox.com', '+76712639817', '120, Mulholland Drive, Omsk', 'CakenteliaEnjoyerie', '6820799662665367198', '1805850393925847'),
(10068, 'Barret Rossi', 'b.rossi@yandex.ru', '+73213390801', '224, Auto Circle, Berlin', 'MediumeratKa2067asani', '-8964922653770366752', '8314713214483249'),
(10069, 'Kyle Steiner', 'k.steiner@rambler.ru', '+71915914028', '240, Saints Boulevard, Madrid', 'BromorksEnjoyerie', '8357439939270089445', '2160643845234016'),
(10070, 'Harold Bruno', 'h.bruno@ya.ru', '+74401261704', '316, Market Boulevard, Chicago', 'NoteDarkFaceLouislogi', '42561976721230903', '2513831296272123'),
(10071, 'Aria Wagner', 'a.wagner@rambler.ru', '+78426916042', '214, San Fierro Scenic Road, Innopolis', 'AlimentGigglyphar(ﾉ◕ヮ◕)ﾉ*:･ﾟ✧', '8478612639469485381', '6904614623771214'),
(10072, 'Aleesha Huber', 'a.huber@inbox.com', '+79783732596', '124, Julius Thruway, Novosibirsk', 'AlertstericGigglyphar', '7227761873242848012', '9125401410126649'),
(10073, 'Frieda Andersen', 'f.andersen@yahoo.com', '+79773318414', '61, Broadway, Kazan', 'Crossoria2769LetterIffy', '1460439592020318270', '3787623543723634'),
(10074, 'Jarred Gruber', 'j.gruber@gmail.com', '+73257592201', '144, Julius Thruway, Innopolis', 'AortamiCovenkle', '2200708199578703872', '2995812278442344'),
(10075, 'Frieda Steiner', 'f.steiner@ya.ru', '+78808164002', '143, Saints Boulevard, Bogotá', 'PitypellLawFun', '9084311171253557287', '9157336148869195'),
(10076, 'Cecil Steiner', 'c.steiner@mail.ru', '+75909056164', '9, San Fierro Scenic Road, Perm', 'AlimentManiakNotice', '2148500246074632855', '8380225664391213'),
(10077, 'Normand Johansen', 'n.johansen@gmail.com', '+75502273833', '174, Mulholland Drive, Krasnoyarsk', 'Me$ssageSosaJungRacin8741g', '5485072129851328375', '3659999255636544'),
(10078, 'Eveline Nilsen', 'e.nilsen@inbox.com', '+78444525827', '69, Julius Thruway, Ryazan', '>ChunkyouetGambitrice', '-6571366813594259798', '2897734902419326'),
(10079, 'Myrle Andersen', 'm.andersen@inbox.com', '+77326951269', '291, Old Venturas Strip, Baltimore', 'BroadwayAngelic1169Equentum', '-7453918905795384359', '8942419281544350'),
(10080, 'Berry Johansen', 'b.johansen@inbox.com', '+78116583501', '141, Fifth Avenue, Moscow', 'MofferlistCovenkle', '7560525553504651239', '4381703639232412'),
(10081, 'Jaymes Rossi', 'j.rossi@mail.ru', '+77984996565', '73, 6th Street, London', 'ContentecutJoyougheenr', '-4656576023018544531', '0369153951822708'),
(10082, 'Myrle Santos', 'm.santos@yandex.ru', '+72899336620', '102, Mulholland Drive, Baltimore', 'BeastargiumJungRacing', '-6839851704750706629', '8476250175732261'),
(10083, 'Debi Rossi', 'd.rossi@mail.ru', '+76709663526', '46, Fifth Avenue, Paris', 'MonGam$erKatGoofyrellak', '-6626392160484431881', '7447816568028209'),
(10084, 'Gilbert Nilsen', 'g.nilsen@yahoo.com', '+78963745457', '4, Dix Road, Rome', 'NoteSu3054moC<ovenkle', '-6137903552485876563', '3181043748092262'),
(10085, 'Ellis Melnyk', 'e.melnyk@gmail.com', '+79175050794', '35, Main Street, Moscow', 'BiologiLoui7732sl>ogi', '6902691960353779062', '7522884181875163'),
(10086, 'Irvine Mayer', 'i.mayer@yahoo.com', '+76247412600', '7, Julius Thruway, Osaka', 'PenguingsInebay*er', '4799454961618420322', '3956419903772323'),
(10087, 'Gwenevere Rossi', 'g.rossi@mail.ru', '+78184216891', '77, Grove Street, Omsk', 'AmgustamManesoft', '69196880649215422', '2586636994564464'),
(10088, 'Gwendolyn Melnyk', 'g.melnyk@mail.ru', '+78988433268', '274, Broadway, Tomsk', 'AlimentDagen2417era', '-2014475844023848036', '3835517926753040'),
(10089, 'Anne Gruber', 'a.gruber@rambler.ru', '+72298869280', '96, Interstate 45, Ankara', 'BlackencessExtraRosesAngel', '7991618488205241326', '9034258012561261'),
(10090, 'Normand Larsen', 'n.larsen@ya.ru', '+71069479888', '239, Saints Boulevard, Chicago', 'NyctankviewInebayer', '4980621965840073749', '7642936916072349'),
(10091, 'Myrle Steiner', 'm.steiner@yandex.ru', '+73231829998', '245, Hasselhoff Street, Chicago', 'Cros>soriaGoofyrellak', '6895927777495686752', '5132871936608185'),
(10092, 'Normand Mayer', 'n.mayer@yahoo.com', '+79205397215', '81, Fifth Avenue, Vladivostok', 'CrossoriaGreyeprico', '-4304610252312621837', '8057048091888938'),
(10093, 'Cecil Hansen', 'c.hansen@rambler.ru', '+75683072134', '203, Julius Thruway, Yekaterinburg', 'BlackencessEzstorv', '8677768373832709978', '6889515188043696'),
(10094, 'Adelina Melnyk', 'a.melnyk@gmail.com', '+71189865282', '213, Harry Gold Parkway, Krasnoyarsk', 'BillSelfKittyFamous', '-7166064693653363025', '8242843259014183'),
(10095, 'Ode Wagner', 'o.wagner@mail.ru', '+77305527193', '245, San Fierro Scenic Road, Berlin', 'MessageSosaJeanUpdates', '-6025398972209155671', '9075006656364617'),
(10096, 'Ellis Mayer', 'e.mayer@rambler.ru', '+72634907248', '97, Dix Road, Novosibirsk', 'AortamiInikrine', '-6018647024764748126', '2956597444696541'),
(10097, 'Ode Pichler', 'o.pichler@mail.ru', '+77128673182', '257, Hasselhoff Street, Novosibirsk', 'MomentechKaasani', '-9059150329361057532', '3980170054661036'),
(10098, 'Damon Olsen', 'd.olsen@mail.ru', '+74038177911', '113, Grove Street, Saint Petersburg', 'BromorksC1396onspiracy', '-5885033514233533600', '8803147075400799'),
(10099, 'Ellis Larsen', 'e.larsen@yandex.ru', '+79174267685', '76, Dix Road, Kazan', 'CorpholeKaa|sani', '-1108771259195805342', '9208871055474754'),
(10100, 'Kris Bauer', 'k.bauer@yandex.ru', '+73657670894', '123, Broadway, Ankara', 'MellowKitGa1059mbitrice', '7265468486227436812', '4701569352778281'),
(10101, 'Kris Santos', 'k.santos@yandex.ru', '+79177755496', '82, Grove Street, Madrid', 'MonGamerKatI4938nikrine', '8573028944255609346', '8829348455423973'),
(10102, 'Anne Russo', 'a.russo@inbox.com', '+76761761737', '305, Mulholland Drive, Baltimore', 'Crossor4097iaJillered', '-7208581854843367161', '5393646574884195'),
(10103, 'Berry Nilsen', 'b.nilsen@gmail.com', '+77553333656', '39, Fifth Avenue, Novosibirsk', 'AdmiradomDonstest', '-4750626451192955293', '5632202903991499'),
(10104, 'Eden Hansen', 'e.hansen@gmail.com', '+77280065237', '192, 6th Street, Tomsk', 'NoteSumoI3021nebay!er', '8948394918328232741', '9271779107860888'),
(10105, 'Jaymes Santos', 'j.santos@rambler.ru', '+71015469849', '64, 6th Street, Dublin', 'ChunkyouetJuzTrickyDeck', '7501898589647863362', '1246683366334457'),
(10106, 'Debi Shevchenko', 'd.shevchenko@rambler.ru', '+75087803233', '113, Fifth Avenue, Perm', 'BauerReptileCon6206spiracy(ᗒᗩᗕ)՞', '-615188658924142842', '6544926611162863'),
(10107, 'Rubye Nilsen', 'r.nilsen@yahoo.com', '+76631234664', '155, Grove Street, Rome', 'CorpholeKittyFamous', '-4059989423165531293', '1033744274250139'),
(10108, 'Harold Shevchenko', 'h.shevchenko@mail.ru', '+75794345407', '300, Market Boulevard, Krasnoyarsk', 'NoteDarkFaceHelloft', '-7448495058888526044', '4607304560906182'),
(10109, 'Catherine Andersen', 'c.andersen@yahoo.com', '+77276594988', '66, Grove Street, Perm', 'AdmiradomCovenkle', '5596182859996146056', '6708829590249095'),
(10110, 'Lily Huber', 'l.huber@yandex.ru', '+75179978866', '7, Harry Gold Parkway, London', 'B1334eastargiumLedgerAway', '-6194099635875142235', '4472087056917448'),
(10111, 'Adelina Johansen', 'a.johansen@ya.ru', '+77836344177', '8, Main Street, Berlin', 'PenguingsFreakeronge', '-4567427320466110527', '6746195727081357'),
(10112, 'Lily Olsen', 'l.olsen@gmail.com', '+77015971965', '281, San Fierro Scenic Road, Berlin', 'MofferlistEx544traRosesAngel', '-1763808546906261041', '0235625321444230'),
(10113, 'Berry Moser', 'b.moser@inbox.com', '+79389082690', '159, Main Street, Madrid', 'ChunkyouetL77oui|slogi(ᗒᗩᗕ)՞', '-8751582655984200038', '9101629845244396'),
(10114, 'Lena Nilsen', 'l.nilsen@rambler.ru', '+72431548392', '4, Mulholland Drive, Dublin', 'AmgustamLetterIffy', '-7726541560399674992', '3199669137273296'),
(10115, 'Catherine Boyko', 'c.boyko@rambler.ru', '+75683366369', '72, Interstate 45, Ankara', 'BinderSeeConspiracy(♥ω♥*)', '-5627014351163520603', '0537945149913839'),
(10116, 'Aria Boyko', 'a.boyko@mail.ru', '+78250851802', '288, San Fierro Scenic Road, Novosibirsk', 'ContentecutHolydatens', '5583464948681297174', '0554625565504065'),
(10117, 'Gwenevere Nilsen', 'g.nilsen@ya.ru', '+73802178722', '158, Julius Thruway, Ankara', 'Pengu>ingsGoWeblogTins', '2337911508493834874', '6407489745662481'),
(10118, 'Ode Shevchenko', 'o.shevchenko@yandex.ru', '+75326301652', '75, Old Venturas Strip, Madrid', 'PitypellInteriorne', '8857343193141247327', '6943004818004622'),
(10119, 'Kris Larsen', 'k.larsen@yahoo.com', '+78504587736', '52, San Fierro Scenic Road, Omsk', 'MediumeratJille3123red', '8186832821981073766', '6135871662647595'),
(10120, 'Eden Steiner', 'e.steiner@yahoo.com', '+75941152788', '1, Fifth Avenue, London', 'AirCartGoofyrellak', '-7766873612441825677', '9782432433800263'),
(10122, 'Gwenevere Wagner', 'g.wagner@rambler.ru', '+71314210465', '204, Mulholland Drive, Helsinki', 'NyctankviewFunThenorn', '-8182102223995660113', '8112740727655327'),
(10124, 'Mike Melnyk', 'm.melnyk@ya.ru', '+73105600750', '34, Main Street, Rome', 'ComiconesKaasani', '4731840015133402436', '0863673032512208'),
(10125, 'Anne Bauer', 'a.bauer@mail.ru', '+79352279894', '267, San Fierro Scenic Road, Berlin', 'BinderSeeGreye8226prico', '3934970914396807558', '9469430040844022'),
(10126, 'Jaymes Moser', 'j.moser@inbox.com', '+71945520124', '125, Interstate 45, Krasnoyarsk', 'AmgustamFunThenorn', '5112043286061455662', '3600183870292315'),
(10127, 'Rubye Moser', 'r.moser@yahoo.com', '+76685828060', '257, Market Boulevard, Ryazan', 'AlimentInik*rine', '-8247949869211710099', '7077667038411201'),
(10130, 'Jarred Russo', 'j.russo@ya.ru', '+73649435495', '36, Julius Thruway, London', 'MessageSosaConspiracy', '8503477393438110614', '7274786399953109'),
(10131, 'Jarred Melnyk', 'j.melnyk@yahoo.com', '+79949866493', '136, Old Venturas Strip, Saint Petersburg', 'AdmiradomGr7360eyeprico', '-8665600203258705011', '5248209855013829'),
(10132, 'Adelina Moser', 'a.moser@yandex.ru', '+72202702692', '189, Old Venturas Strip, Novosibirsk', 'BeastargiumDonstest', '5848639150986506666', '5013655540516978'),
(10133, 'Lily Nilsen', 'l.nilsen@mail.ru', '+77939495834', '16, Hasselhoff Street, Yekaterinburg', 'CorpholeInebayer', '-3327446549480692914', '1752498380058029'),
(10134, 'Jennifer Steiner', 'j.steiner@yahoo.com', '+75170839567', '143, Auto Circle, Ryazan', 'ClartorgJungRa&cing', '8202937058477218703', '7528878855755365'),
(10135, 'Olive Gruber', 'o.gruber@inbox.com', '+73607214451', '154, Old Venturas Strip, Krasnoyarsk', 'CandyWavesMonHolydatens', '5790021389824989070', '6348860161918901'),
(10136, 'Gwendolyn Huber', 'g.huber@mail.ru', '+77643231299', '289, Mulholland Drive, Ankara', 'BauerReptileLaurenic', '8745878365793302906', '0287547213538842'),
(10137, 'Ode Bauer', 'o.bauer@yahoo.com', '+78824353847', '166, Harry Gold Parkway, Yekaterinburg', 'BeastargiumInebayer', '900798898890628594', '5764354662937318'),
(10139, 'Gretta Russo', 'g.russo@yandex.ru', '+77131262955', '74, Las Venturas Boulevard, London', 'CistKlugJungRacing(๑•́ ω •̀๑)', '1552140557046314508', '8106300207931500'),
(10140, 'Barret Bauer', 'b.bauer@gmail.com', '+71891191787', '94, 6th Street, Barcelona', 'MonGamerKatJeanUpdates', '1005718000648001720', '9758983244191518'),
(10141, 'Rubye Bruno', 'r.bruno@mail.ru', '+76946793969', '157, Las Venturas Boulevard, Osaka', 'Mel6119lowKitEquentum', '-4835499261660692309', '6328613421351397'),
(10142, 'Gwenevere Bruno', 'g.bruno@yahoo.com', '+72101418157', '141, Dix Road, Dublin', 'BiologiKittyFamous', '2889167097981409161', '8952817171166558'),
(10143, 'Irvine Pichler', 'i.pichler@mail.ru', '+77043413111', '235, Fifth Avenue, London', 'ContentecutJung1293Racing', '-4595129764583774206', '9021246229227029'),
(10145, 'Adelina Santos', 'a.santos@gmail.com', '+79822181601', '170, Fifth Avenue, Omsk', 'Cla*rtorgInikrine(๑･`▱´･๑)', '-825371956752834302', '7384220241261805'),
(10146, 'Mike Johansen', 'm.johansen@ya.ru', '+74119913028', '25, Market Boulevard, Saint Petersburg', 'MonGamerKatGambitrice', '5023091305423480572', '1560945972596860'),
(10147, 'Carina Bruno', 'c.bruno@inbox.com', '+75386417236', '229, Hasselhoff Street, Rome', 'ClartorgJungRacing', '7263327041777306654', '9315736207253376'),
(10148, 'Ellis Hansen', 'e.hansen@inbox.com', '+72828587199', '265, Las Venturas Boulevard, Barcelona', '4meandthiDagenera(ᗒᗩᗕ)՞', '3570142414917743437', '9861635621664121'),
(10149, 'Jill Santos', 'j.santos@ya.ru', '+74519848230', '182, San Fierro Scenic Road, Bogotá', 'Beastar>giumDronusedal', '-6198116101877297662', '5403224575304537'),
(10150, 'Ellis Russo', 'e.russo@gmail.com', '+75340799620', '300, Fifth Avenue, Novosibirsk', 'Pe3498nguingsInebayer', '-6156134550555002837', '5768428292423127'),
(10151, 'Kyle Wagner', 'k.wagner@inbox.com', '+71957774310', '153, Interstate 45, London', '9206BlackencessLouislogi', '1706075658924643590', '2585419928141552'),
(10152, 'Debi Johansen', 'd.johansen@yahoo.com', '+74458983269', '121, San Fierro Scenic Road, Bogotá', 'PitypellEquentum', '-6484819646817665133', '6345928168390148'),
(10153, 'Mike Nilsen', 'm.nilsen@yandex.ru', '+71740976086', '309, Auto Circle, Ankara', 'BromorksGigglyphar', '5647587745935661346', '9535487101187141'),
(10154, 'Gwendolyn Shevchenko', 'g.shevchenko@yahoo.com', '+79184487045', '252, Auto Circle, Yekaterinburg', 'PitypellInteri9400orneღゝ◡╹)ノ♡', '4458839215097781049', '4549691262926602'),
(10155, 'Harold Moser', 'h.moser@rambler.ru', '+71872530825', '207, Interstate 45, Athens', 'MonGamerKatFrea8228keronge', '8965456449402725937', '4771160077517389'),
(10156, 'Aria Andersen', 'a.andersen@rambler.ru', '+74410297680', '191, Dix Road, Ryazan', 'NyctankviewHolydatens', '-7822563326579376129', '1640662525337745'),
(10158, 'Debi Bruno', 'd.bruno@mail.ru', '+78298623861', '165, Old Venturas Strip, Kazan', 'MalthisoDagenera', '-1074259913394527434', '0197006543592411'),
(10159, 'Carina Moser', 'c.moser@rambler.ru', '+73026266641', '269, Las Venturas Boulevard, Berlin', 'CakenteliaInebayer', '8401167035700854664', '6567470402954926'),
(10160, 'Lena Shevchenko', 'l.shevchenko@yandex.ru', '+76926584045', '221, Market Boulevard, Barcelona', 'MalthisoLawFun', '-7258319764603923109', '1003419727597663'),
(10162, 'Ellis Boyko', 'e.boyko@rambler.ru', '+78596827740', '239, Harry Gold Parkway, Innopolis', 'MediumeratLetterIffy(^･ｪ･^)', '-6089867015942862200', '5358030749530962'),
(10163, 'Alexia Bruno', 'a.bruno@inbox.com', '+79860962399', '120, Auto Circle, Kazan', 'PitypellLarkatelᏊᵋꈊᵋᏊ', '514053634152150427', '0325487196601723'),
(10164, 'Gilbert Russo', 'g.russo@ya.ru', '+77510507158', '34, 6th Street, Tomsk', 'ChronicleupEzstorv', '-8329725865737204357', '6755962883413951'),
(10166, 'Normand Olsen', 'n.olsen@gmail.com', '+78999700557', '8, Main Street, Bogotá', 'CrossoriaKaasani', '-5991979912899236369', '4760752467670619'),
(10169, 'Kyle Rossi', 'k.rossi@yandex.ru', '+73238851076', '144, Auto Circle, Osaka', 'MonGamerKatEzstorv', '6907919242484213581', '8544588513741234'),
(10170, 'Frieda Boyko', 'f.boyko@yandex.ru', '+78588741534', '242, Market Boulevard, Barnaul', 'BromorksG948reyeprico', '-1572254399680640333', '1876084732912703'),
(10171, 'Catherine Johansen', 'c.johansen@rambler.ru', '+72510460958', '114, Saints Boulevard, Barcelona', 'BroadwayAngelicEzstorv', '-4321655006554797716', '6070916560935739'),
(10172, 'Rubye Mayer', 'r.mayer@rambler.ru', '+71519661367', '269, Saints Boulevard, Innopolis', 'MalthisoKaasani', '-6337411949335995999', '3124877292551364'),
(10173, 'Harold Nilsen', 'h.nilsen@inbox.com', '+79681184540', '219, Saints Boulevard, Osaka', 'C3822hunkyouetLouislogi', '-8583773444178807885', '0310861103866887'),
(10174, 'Ellis Larsen', 'e.larsen@ya.ru', '+77755060042', '127, Old Venturas Strip, Omsk', 'PitypellLouislogi', '-4858327372425706420', '8182362337767361'),
(10176, 'Kyle Russo', 'k.russo@rambler.ru', '+73584979914', '70, San Fierro Scenic Road, Barcelona', 'MessageSosaEzs6292torv(♥ω♥*)', '2471916531202698867', '1035083822780413'),
(10177, 'Alisha Larsen', 'a.larsen@inbox.com', '+78165877033', '306, Harry Gold Parkway, Athens', 'BauerReptileLouislogi', '8611799360433205932', '0923920897921494'),
(10178, 'Aleesha Hansen', 'a.hansen@ya.ru', '+74466701823', '8, Julius Thruway, Barnaul', 'MalthisoJillered(●///▽///●)', '2836213914589263220', '1246273286507692'),
(10179, 'Barret Melnyk', 'b.melnyk@yahoo.com', '+73043495514', '133, Old Venturas Strip, Ankara', 'AlimentKittyFamou-s', '-5324524082475477295', '7231340988842292'),
(10180, 'Berry Rossi', 'b.rossi@mail.ru', '+71745868789', '78, 6th Street, Innopolis', 'BinderSeeLouislogi', '-8648271148201704018', '5024613115165894'),
(10181, 'Ode Gruber', 'o.gruber@ya.ru', '+78666982030', '217, Fifth Avenue, Perm', 'PenguingsManesoft', '3647895667737815598', '2002165628197722'),
(10182, 'Anne Nilsen', 'a.nilsen@inbox.com', '+77626906332', '303, Broadway, Tomsk', 'CakenteliaJuzTrickyDec5856k', '8239825422499066244', '5738867569745555'),
(10184, 'Gwenevere Boyko', 'g.boyko@inbox.com', '+72437527863', '233, Dix Road, Moscow', 'PenguingsDronusedal', '-3719799388689077452', '9081703310525490'),
(10185, 'Myrle Bruno', 'm.bruno@yandex.ru', '+77474441899', '188, Saints Boulevard, Rome', 'BillSe269lfEzstorv', '1755046621562803493', '4560770709576417'),
(10186, 'Harold Wagner', 'h.wagner@gmail.com', '+78616902931', '123, Broadway, Berlin', 'PenguingsLarkatel', '-4433511832515785976', '8297814613335301'),
(10187, 'Damon Andersen', 'd.andersen@yandex.ru', '+79424117070', '237, Grove Street, Kazan', 'MonstercaGoofyrellak', '-2959300551905890859', '1513755436982593'),
(10188, 'Olive Moser', 'o.moser@mail.ru', '+71455805708', '268, Auto Circle, Helsinki', 'AdmiradomLetterIffy', '-2235574893557411386', '2768355173712804'),
(10190, 'Cecil Rossi', 'c.rossi@mail.ru', '+77930508200', '34, Mulholland Drive, Bogotá', 'MonGamerKatLett235erIffy', '2436722921230893791', '3480031191009071'),
(10191, 'Carina Pichler', 'c.pichler@mail.ru', '+79847473280', '166, San Fierro Scenic Road, Perm', 'MellowKitGoofyrellak', '-839299206014543143', '2982640215710710'),
(10192, 'Lena Santos', 'l.santos@yandex.ru', '+71091239262', '21, Harry Gold Parkway, Moscow', 'BlackencessManesoft', '-399982621267402005', '5929369927219996'),
(10194, 'Eveline Moser', 'e.moser@ya.ru', '+72779738572', '313, Grove Street, Helsinki', 'AmgustamJ5363uzTrickyDeck', '-1904110740786755246', '4155387948461176'),
(10195, 'Aleesha Shevchenko', 'a.shevchenko@yahoo.com', '+74698874445', '173, Harry Gold Parkway, Baltimore', 'ContentecutLawFun(๑•́ ω •̀๑)', '-1998233762833108543', '3734597313808607'),
(10196, 'Frieda Russo', 'f.russo@yandex.ru', '+71751074691', '42, Auto Circle, Perm', 'BlackencessLedgerAway', '-968259108937830658', '0601751915040045'),
(10197, 'Myrle Santos', 'm.santos@gmail.com', '+73823389342', '214, Saints Boulevard, Berlin', 'MonstercaDronu6894sed-al', '6679375265894203487', '9337449427517656'),
(10198, 'Jaymes Melnyk', 'j.melnyk@yandex.ru', '+78579137270', '42, Interstate 45, Novosibirsk', 'CakenteliaLarkatel₍₍ (ง ˙ω˙)ว ⁾⁾', '-1303470130657546092', '4149323967535538'),
(10200, 'Ode Melnyk', 'o.melnyk@ya.ru', '+78336722978', '210, Auto Circle, Tomsk', 'MalthisoJoyough4418eenr', '-8986887452680831904', '5337533006278759'),
(10201, 'Rubye Andersen', 'r.andersen@gmail.com', '+71557983361', '41, 6th Street, Tomsk', 'MofferlistInikrine(♥ω♥*)', '3939195163433617089', '0476021846068955'),
(10202, 'Jennifer Moser', 'j.moser@yahoo.com', '+77391724154', '24, Auto Circle, Madrid', 'PaceltheGreyeprico', '9030056014277311295', '6229403773403150'),
(10203, 'Debi Hansen', 'd.hansen@mail.ru', '+79507069870', '316, Broadway, Dublin', 'Binde9848rSeeDonstest', '5722530043290803652', '3823701782563605'),
(10204, 'Frieda Wagner', 'f.wagner@yahoo.com', '+71101993275', '176, San Fierro Scenic Road, Barnaul', 'NyctankviewFreakeronge(ᗒᗩᗕ)՞', '-5124294782426224474', '1995369250484437'),
(10205, 'Jennifer Rossi', 'j.rossi@rambler.ru', '+72728620961', '236, Las Venturas Boulevard, Innopolis', 'ChunkyouetGreyeprico', '-1962931779192945558', '8677054654093512'),
(10206, 'Ode Silva', 'o.silva@yandex.ru', '+77895757623', '84, Las Venturas Boulevard, Bogotá', 'BillSelfJungRacing(♥ω♥*)', '-9181333517984379574', '9091863928232581'),
(10208, 'Frieda Andersen', 'f.andersen@mail.ru', '+77533597359', '269, Auto Circle, Chicago', 'NoteDar5392kFaceHolydatens', '-4537921181975788150', '0618281357589414'),
(10209, 'Lily Bruno', 'l.bruno@ya.ru', '+78169081868', '63, Interstate 45, Krasnoyarsk', 'Chronicleup8850Louislogi', '-6144674803353752681', '7111881066115743'),
(10210, 'Fay Olsen', 'f.olsen@yandex.ru', '+74029418353', '215, San Fierro Scenic Road, Dublin', 'MonGamerKatGoofyrellak', '-2143871797441058010', '8028425144430267'),
(10211, 'Lena Melnyk', 'l.melnyk@rambler.ru', '+74570288125', '75, Mulholland Drive, Barnaul', 'MellowKitGrey/eprico', '-5917112567516602440', '9478729043623869'),
(10212, 'Jaymes Bruno', 'j.bruno@rambler.ru', '+74100702641', '13, Auto Circle, Rome', 'Bro|morksConspiracy', '-5617100904886203946', '1208580712182347'),
(10213, 'Irvine Mayer', 'i.mayer@yandex.ru', '+75796399854', '81, Broadway, Paris', 'ClartorgExtraRosesAngel', '1907305670339804626', '0538352899690012'),
(10214, 'Damon Pichler', 'd.pichler@mail.ru', '+72877767059', '222, Harry Gold Parkway, Madrid', 'BromorksGambitrice', '280563117666113714', '7233690201193504'),
(10215, 'Lena Pichler', 'l.pichler@yandex.ru', '+72025388175', '237, Dix Road, Paris', 'AlertstericJungRacing', '-7338330805197895417', '9584225126090811'),
(10217, 'Normand Bruno', 'n.bruno@gmail.com', '+77845491622', '268, Las Venturas Boulevard, Dublin', 'PaceltheInebayer', '-8284301016023756444', '4427109555630316'),
(10218, 'Fay Russo', 'f.russo@mail.ru', '+77074239834', '138, Market Boulevard, Innopolis', 'PitypellIne5318bayer', '938114362260901698', '4612548934447460'),
(10219, 'Harold Huber', 'h.huber@ya.ru', '+75455447539', '137, Mulholland Drive, Moscow', 'Momen9399techHelloft', '378236268234703401', '1971859967645347'),
(10223, 'Olive Mayer', 'o.mayer@ya.ru', '+74078345253', '123, Fifth Avenue, Osaka', 'AdmiradomDag<enera', '1200230093248292854', '8899381231430826'),
(10224, 'Myrle Huber', 'm.huber@gmail.com', '+73962296879', '152, Main Street, Kazan', 'PaceltheKaasani', '-8540859163195408544', '1155213244144571'),
(10225, 'Anne Hansen', 'a.hansen@rambler.ru', '+77963214854', '155, Interstate 45, Krasnoyarsk', 'CrossoriaHelloft(♥ω♥*)', '-4995132730601434115', '3961077234050642'),
(10226, 'Gwenevere Steiner', 'g.steiner@yandex.ru', '+73040825647', '38, Hasselhoff Street, Omsk', 'CorpholeInikrine', '3753154959674686691', '0207463706913520'),
(10227, 'Kris Larsen', 'k.larsen@mail.ru', '+72280594179', '302, Mulholland Drive, Athens', 'BinderSeeInteriorne', '4403143160663441800', '3521240588220981'),
(10229, 'Barret Andersen', 'b.andersen@mail.ru', '+74818714409', '42, Old Venturas Strip, Omsk', 'MalthisoJillered', '8879882711355968201', '8465291602272911'),
(10231, 'Carina Silva', 'c.silva@rambler.ru', '+75870504388', '284, Interstate 45, London', 'BauerReptile2437LetterIffy', '-4667789512068995892', '5685834546385577'),
(10232, 'Jarred Wagner', 'j.wagner@ya.ru', '+74730887747', '39, Broadway, Helsinki', '7432ClartorgKittyFamous', '-216410657279361296', '3718372265800446'),
(10233, 'Gwenevere Mayer', 'g.mayer@inbox.com', '+79124055503', '261, Old Venturas Strip, Bogotá', 'PitypellInikrine', '-1001928243871468183', '6507486788052164'),
(10234, 'Eden Gruber', 'e.gruber@mail.ru', '+71462503655', '79, Market Boulevard, Chicago', 'MofferlistDronusedal', '-1599935453183823655', '1185947599603422'),
(10235, 'Gilbert Bruno', 'g.bruno@rambler.ru', '+75724902277', '54, Saints Boulevard, Baltimore', 'ChellGazetteKittyFamous', '-470052797299784191', '1308306718662172'),
(10237, 'Alexia Olsen', 'a.olsen@mail.ru', '+72670211774', '38, 6th Street, Ryazan', 'CrossoriaGoWeblogTins', '8058820193811124320', '4833710523488804'),
(10238, 'Adelina Bauer', 'a.bauer@yandex.ru', '+79938069552', '318, Dix Road, Vladivostok', 'BiologiKaasani', '8660564999434349059', '9695997123845990'),
(10239, 'Cecil Johansen', 'c.johansen@ya.ru', '+78544020990', '82, Broadway, Ryazan', 'MessageSosaEnjoyerie', '-590421640371868866', '9024175657677245'),
(10240, 'Eden Pichler', 'e.pichler@yahoo.com', '+78227674572', '179, Harry Gold Parkway, Baltimore', 'ComiconesCovenkle(灬♥ω♥灬)', '3346995204802871170', '6716222866538522'),
(10242, 'Eveline Mayer', 'e.mayer@gmail.com', '+75664863491', '98, Auto Circle, Athens', 'Clar9947torgHelloft', '3236673585306805930', '9381795724641118'),
(10243, 'Gretta Pichler', 'g.pichler@inbox.com', '+73515335262', '219, Hasselhoff Street, Innopolis', 'BillSelfKaasani', '7888697275532880670', '3532317924049255'),
(10244, 'Ode Santos', 'o.santos@gmail.com', '+71231141226', '14, Fifth Avenue, Innopolis', 'Beas9269targiumInebayer', '-178052304176183102', '4959309317651983'),
(10246, 'Kris Olsen', 'k.olsen@mail.ru', '+75569857389', '129, Mulholland Drive, Yekaterinburg', 'BiologiDonstest', '-2491517770700964927', '2996141315087052'),
(10247, 'Berry Nilsen', 'b.nilsen@ya.ru', '+79379418309', '114, Harry Gold Parkway, Kazan', 'BromorksJillered', '6480931070812879442', '2888789488134006'),
(10248, 'Olive Melnyk', 'o.melnyk@gmail.com', '+71635804717', '274, Main Street, Moscow', 'AirCartInteriorne', '-9015483241985456710', '9118261571542957'),
(10249, 'Debi Wagner', 'd.wagner@gmail.com', '+71819073859', '301, Market Boulevard, Moscow', 'MediumeratJuzTrickyDeck', '-1656369129558661055', '3442885674803470');
INSERT INTO `user` (`user_id`, `full_name`, `e-mail`, `phone_number`, `location_of_residence`, `username`, `password_hash`, `bank_account`) VALUES
(10250, 'Fay Gruber', 'f.gruber@yandex.ru', '+75432061138', '312, Fifth Avenue, Perm', 'MediumeratHolydatens', '7460623633015299119', '0051408895832502'),
(10253, 'Myrle Nilsen', 'm.nilsen@inbox.com', '+79576660137', '187, Interstate 45, Barcelona', 'ChellGazetteDonstest', '1477956424603422759', '5190221539362614'),
(10254, 'Normand Hansen', 'n.hansen@yandex.ru', '+73399373146', '24, Interstate 45, Barcelona', 'MofferlistEnjoyerie4490', '5192053877872683542', '8457795649627178'),
(10255, 'Lena Olsen', 'l.olsen@yahoo.com', '+72653124187', '278, Old Venturas Strip, Ryazan', 'BiologiLaurenic', '-4298773951343289125', '1069127001065875'),
(10256, 'Kris Andersen', 'k.andersen@mail.ru', '+78896335306', '313, Las Venturas Boulevard, Athens', 'MalthisoJeanUpdates', '-7498878813776209691', '2763268031608313'),
(10257, 'Normand Hansen', 'n.hansen@inbox.com', '+74949824832', '14, Auto Circle, Omsk', 'Mediumer3265atManesoft', '8492488790327755192', '4046636220417275'),
(10258, 'Jarred Melnyk', 'j.melnyk@inbox.com', '+75739520761', '271, Broadway, Madrid', '4meandthiCovenkle', '3392458363374728780', '2234198939991860'),
(10259, 'Cindi Steiner', 'c.steiner@gmail.com', '+73843158899', '137, Auto Circle, Saint Petersburg', 'ComiconesLedgerAway', '-2752871971858971184', '5589278652477052'),
(10260, 'Olive Rossi', 'o.rossi@ya.ru', '+79283054951', '311, Harry Gold Parkway, Paris', 'Chunkyouet9408Jillered', '5796363351156763096', '7510883722656365'),
(10261, 'Mike Pichler', 'm.pichler@ya.ru', '+78304671105', '319, Mulholland Drive, Perm', 'Momentech1898Dagenera', '-7495334609618140487', '5547028336684899'),
(10262, 'Jennifer Mayer', 'j.mayer@mail.ru', '+79193272615', '146, Broadway, Moscow', 'NoteDarkFaceGo7909ofyrellak', '-187672957194003454', '0667207540037840'),
(10263, 'Jaymes Olsen', 'j.olsen@inbox.com', '+79912145690', '213, Saints Boulevard, Kazan', 'Pityp_ellGambitrice', '-7627555271974890826', '0909142310287955'),
(10264, 'Gilbert Olsen', 'g.olsen@yahoo.com', '+72502031196', '170, Broadway, Baltimore', 'NoteSumoExtraRosesAngel', '-8141827412109431832', '3371071907082266'),
(10265, 'Irvine Bauer', 'i.bauer@inbox.com', '+75009294234', '130, Market Boulevard, Dublin', 'Penguin1695gsEnjoye$rie', '8986819873487727564', '2795364431522195'),
(10266, 'Debi Shevchenko', 'd.shevchenko@mail.ru', '+71680862476', '274, Fifth Avenue, Helsinki', 'MomentechGigglyphar', '-2600859237729791334', '1417671450881240'),
(10267, 'Kyle Andersen', 'k.andersen@yahoo.com', '+71681810359', '253, Saints Boulevard, Ryazan', 'PenguingsInterior&ne', '5840210953399118888', '9475338369176168'),
(10268, 'Mike Wagner', 'm.wagner@inbox.com', '+79231547945', '248, Mulholland Drive, Yekaterinburg', 'NyctankviewEnjoyerie', '-8090500048314023885', '1826317768715011'),
(10269, 'Jarred Johansen', 'j.johansen@yahoo.com', '+74479310069', '57, Old Venturas Strip, Barnaul', 'Binder<SeeInikrine', '8176295557024529691', '2012443770774975'),
(10270, 'Gwendolyn Wagner', 'g.wagner@yandex.ru', '+72604746810', '129, Las Venturas Boulevard, Helsinki', 'BauerReptileHo1327lydatens', '529837464784782760', '4778852222147531'),
(10271, 'Frieda Hansen', 'f.hansen@yandex.ru', '+76381974505', '204, Market Boulevard, Ryazan', 'AirCartFunThenorn', '2253107424384748535', '1005241061139395'),
(10273, 'Gretta Johansen', 'g.johansen@yandex.ru', '+77796229745', '133, Hasselhoff Street, Tomsk', 'AlertstericDagenera(ㅇㅅㅇ❀)', '-8088409613881989054', '8559537677582296'),
(10274, 'Anne Silva', 'a.silva@mail.ru', '+74213861328', '185, Dix Road, Rome', 'MofferlistLetterIffyლ(ಠ_ಠლ)', '1365945158169342229', '2335641170479852'),
(10275, 'Olive Steiner', 'o.steiner@inbox.com', '+78260050087', '4, Auto Circle, Berlin', 'Conten3717tecutInteriorne', '-3996579629867092795', '8199808894866608'),
(10276, 'Lena Boyko', 'l.boyko@rambler.ru', '+74161515412', '91, Hasselhoff Street, Innopolis', 'AlertstericGoofyrellak', '-8680940891816018103', '8604342519843175'),
(10277, 'Cecil Andersen', 'c.andersen@gmail.com', '+79149300879', '258, Julius Thruway, Dublin', 'CandyWavesMonLouislogi', '-2726487733700565141', '7940399040411951'),
(10280, 'Fay Larsen', 'f.larsen@gmail.com', '+73144796923', '53, Dix Road, Bogotá', 'AlimentFreakeronge', '-3757576391641847453', '2384191184962892'),
(10281, 'Alisha Russo', 'a.russo@rambler.ru', '+75877227359', '284, Harry Gold Parkway, Helsinki', 'BauerReptil1286eD/ronusedal', '7351236215876977075', '1643991654335416'),
(10282, 'Normand Nilsen', 'n.nilsen@inbox.com', '+75973955662', '106, Interstate 45, Madrid', 'ChellGazetteFunThenorn', '4801289202844025593', '8315786403140513'),
(10283, 'Irvine Santos', 'i.santos@yahoo.com', '+79924038804', '112, Main Street, Ryazan', 'ChunkyouetInteriorne', '2234431534269444113', '4229300134968423'),
(10284, 'Kyle Mayer', 'k.mayer@ya.ru', '+75063805419', '159, Dix Road, Tomsk', 'BroadwayAngelicLaurenic', '3368784971779550296', '3408822500513103'),
(10286, 'Ode Boyko', 'o.boyko@inbox.com', '+75330147569', '178, Grove Street, Ryazan', 'CrossoriaHolydatens', '4521830726882018539', '0514417778804808'),
(10287, 'Gretta Pichler', 'g.pichler@yahoo.com', '+71770612264', '26, Dix Road, Moscow', 'MofferlistLawFun', '6249961669772981549', '8636099951084031'),
(10288, 'Myrle Hansen', 'm.hansen@mail.ru', '+79796966578', '234, Main Street, Innopolis', 'CakenteliaConspira5760cy(๑･`▱´･๑)', '3530688925440287632', '8486236001220788'),
(10289, 'Frieda Moser', 'f.moser@rambler.ru', '+72804317493', '127, Main Street, Omsk', 'AmgustamJuzTrick&yDeck', '4905103278297163005', '5640906116336461'),
(10290, 'Ode Santos', 'o.santos@yahoo.com', '+79292496271', '114, 6th Street, Barcelona', 'BinderSeeKaasani', '5957279030932552407', '9533638765219703'),
(10291, 'Harold Larsen', 'h.larsen@yandex.ru', '+73453009978', '203, Market Boulevard, Novosibirsk', 'MessageSosaKaasani', '3137477178923316899', '3511945489135289'),
(10292, 'Gretta Mayer', 'g.mayer@rambler.ru', '+71926365948', '57, Broadway, Tomsk', 'BillSel5930fDronusedal', '-2582504505101906097', '9145395108867663'),
(10294, 'Aria Bruno', 'a.bruno@gmail.com', '+74136328932', '105, Old Venturas Strip, Omsk', 'AlimentLedgerAway', '-884265327962433038', '7135017535817038'),
(10295, 'Berry Pichler', 'b.pichler@mail.ru', '+73171059965', '221, Auto Circle, Moscow', 'ContentecutKittyFamous', '-4581628401359348161', '5029237835467454'),
(10297, 'Gwendolyn Steiner', 'g.steiner@mail.ru', '+79424855668', '209, Saints Boulevard, Rome', 'ChellGazetteHelloft', '5036491728532104182', '7972682621178210'),
(10298, 'Irvine Shevchenko', 'i.shevchenko@rambler.ru', '+75137126819', '249, Saints Boulevard, Barcelona', 'PaceltheKittyFamous彡ﾟ◉ω◉ )つー☆*', '7675495000330161822', '0277967848189418'),
(10299, 'Gwendolyn Boyko', 'g.boyko@gmail.com', '+71259227206', '165, Dix Road, Dublin', 'BlondievelyJillered', '-6594307332259648062', '9818502106139710'),
(10300, 'Jennifer Andersen', 'j.andersen@rambler.ru', '+74227498174', '27, Dix Road, Yekaterinburg', 'BiologiJoyou6849gheenr', '-3710748416504266148', '8925122219178041'),
(10301, 'Berry Wagner', 'b.wagner@mail.ru', '+73259189698', '159, Broadway, Krasnoyarsk', 'MellowKitKaasani', '3673749347906371470', '0390975148238399'),
(10303, 'Anne Hansen', 'a.hansen@yahoo.com', '+75788638733', '234, Harry Gold Parkway, Ankara', 'ClartorgLedgerAway', '-7978964022171339558', '5129662019962750'),
(10304, 'Gretta Silva', 'g.silva@yahoo.com', '+75153094367', '241, Interstate 45, Rome', '4meandthiEzs+torv', '-655949721582575133', '3276366128061721'),
(10305, 'Ode Mayer', 'o.mayer@gmail.com', '+78442198067', '209, Dix Road, Ankara', 'MomentechGoofyrellak', '-2341730576575027959', '5270992441176051'),
(10306, 'Gilbert Silva', 'g.silva@rambler.ru', '+77144755066', '232, Main Street, Barcelona', 'MessageSosaFunThenorn', '7449326416829335300', '2957504788661054'),
(10307, 'Gilbert Santos', 'g.santos@gmail.com', '+73546184754', '157, Hasselhoff Street, Ryazan', 'Co&ntentecutLawFun', '6698288145871674852', '3017397618574939'),
(10309, 'Kris Gruber', 'k.gruber@mail.ru', '+73939217531', '192, Auto Circle, Berlin', 'NyctankviewGoWeblogTins2853', '-219299299865177656', '3243420678133851'),
(10311, 'Irvine Mayer', 'i.mayer@rambler.ru', '+75519620396', '17, Auto Circle, Barcelona', 'PaceltheDonstest', '-5874467019289641117', '7525344535437364'),
(10314, 'Gwenevere Santos', 'g.santos@mail.ru', '+78497601851', '65, Hasselhoff Street, Krasnoyarsk', 'AlimentEquentum', '-6333152449375032344', '4785414694187964'),
(10315, 'Lena Wagner', 'l.wagner@mail.ru', '+74417719668', '260, Grove Street, Chicago', 'P6150itypellFreakeronge', '-6916547935449775435', '2507372125004853'),
(10316, 'Jarred Huber', 'j.huber@yahoo.com', '+75325992336', '239, 6th Street, Rome', 'MellowKitJoyougheenr', '-3002747350501016341', '6440786973693177'),
(10318, 'Cecil Wagner', 'c.wagner@mail.ru', '+73348174175', '197, Main Street, Helsinki', 'CorpholeEquentum', '-3740661396702694811', '4668128307769219'),
(10320, 'Harold Olsen', 'h.olsen@mail.ru', '+74978343501', '103, Saints Boulevard, London', 'NoteSumoHolydatens', '4002708962257838565', '5110994729502460'),
(10322, 'Jill Wagner', 'j.wagner@gmail.com', '+76132716288', '242, 6th Street, Vladivostok', 'BroadwayAngelicDagenera', '5462467160623488168', '4413682056729493'),
(10324, 'Berry Johansen', 'b.johansen@mail.ru', '+74381134466', '260, Dix Road, Bogotá', 'BeastargiumLouis?logi', '557294601429100010', '0145836891714098'),
(10325, 'Adelina Melnyk', 'a.melnyk@mail.ru', '+71185532318', '101, 6th Street, Baltimore', 'CrossoriaGoWeb7461logTins', '8076351991441733188', '8366722645993245'),
(10326, 'Alisha Steiner', 'a.steiner@gmail.com', '+76856883468', '74, Old Venturas Strip, Paris', 'BauerReptil2658eManesoft', '-7722032701650801421', '4796131030291663'),
(10327, 'Berry Steiner', 'b.steiner@yandex.ru', '+76579671420', '302, Harry Gold Parkway, Ankara', 'PitypellLe5213dgerAway', '4161750798901101675', '3588756782505252'),
(10329, 'Eden Russo', 'e.russo@ya.ru', '+76416147737', '310, Main Street, Paris', 'AirCartGoWeblogTins', '-2358089125223666961', '6124392634919573'),
(10331, 'Jarred Olsen', 'j.olsen@yahoo.com', '+77879552135', '81, Auto Circle, Athens', 'BromorksEzstorv', '3263985186752004783', '3592694504475985'),
(10332, 'Carina Wagner', 'c.wagner@inbox.com', '+72326350581', '138, Harry Gold Parkway, Paris', 'MellowKitConspiracy', '5899600477160318023', '9614934610279595'),
(10333, 'Eveline Mayer', 'e.mayer@yandex.ru', '+78510588941', '219, 6th Street, Omsk', 'BillSelf4186Laurenic', '7286980780896169536', '0887968873805550'),
(10335, 'Normand Pichler', 'n.pichler@mail.ru', '+77785117340', '64, Julius Thruway, Tomsk', 'ChronicleupJungRacing', '-5696541110299480662', '2319512962284220'),
(10337, 'Jennifer Pichler', 'j.pichler@yandex.ru', '+72281069669', '77, Main Street, Yekaterinburg', 'MomentechEnjoyerie', '6302765428696712260', '9304736494466672'),
(10338, 'Lily Huber', 'l.huber@ya.ru', '+79934526492', '267, Grove Street, Ryazan', 'Amgusta3004mInebayer', '-6729162017179084260', '2730208876336357'),
(10339, 'Berry Huber', 'b.huber@mail.ru', '+77164586149', '252, Broadway, Athens', 'ChunkyouetLawFun9326', '-2443126871955558181', '0994236765959186'),
(10342, 'Eden Melnyk', 'e.melnyk@ya.ru', '+72594370465', '93, 6th Street, Omsk', 'CandyWavesMonLawFun', '2438286002462085162', '5324927955643683'),
(10346, 'Cindi Larsen', 'c.larsen@inbox.com', '+77399329645', '7, Saints Boulevard, Barcelona', 'MonstercaEquentum', '4779649214896691530', '0336908890410593'),
(10347, 'Gwenevere Larsen', 'g.larsen@inbox.com', '+72269951344', '79, Old Venturas Strip, Paris', 'MomentechHellof2123t', '-8578520117965820568', '2960491390506785'),
(10351, 'Kris Nilsen', 'k.nilsen@inbox.com', '+76666255831', '243, Market Boulevard, Kazan', 'MessageSosaDagenera', '7983248291762229202', '5745401050765105'),
(10352, 'Jarred Rossi', 'j.rossi@ya.ru', '+76653647001', '137, Dix Road, Barcelona', 'AlimentCovenkle', '7756007399086972245', '3975617657719371'),
(10353, 'Carina Hansen', 'c.hansen@mail.ru', '+77276248382', '122, Las Venturas Boulevard, Moscow', 'C!rossoriaJungR6337acing(灬♥ω♥灬)', '7883203787610173200', '4749398664624623'),
(10355, 'Eden Russo', 'e.russo@inbox.com', '+79243832128', '198, Hasselhoff Street, Tomsk', 'BromorksEquentum', '-5028088615084385867', '1253056145995406'),
(10356, 'Carina Boyko', 'c.boyko@mail.ru', '+79289709737', '233, Auto Circle, Innopolis', 'AmgustamExtraRosesAngel', '3253229205166232718', '0575594807378293'),
(10358, 'Damon Mayer', 'd.mayer@inbox.com', '+79680155239', '86, Mulholland Drive, Bogotá', 'MalthisoExtraRosesAngel', '1989875530533232386', '8161303147068368'),
(10359, 'Kris Nilsen', 'k.nilsen@yandex.ru', '+75216812864', '20, Market Boulevard, Tomsk', 'AmgustamM_aniakNot7007ice', '-2476301238604267270', '8359285047094347'),
(10362, 'Irvine Larsen', 'i.larsen@yahoo.com', '+74870647584', '153, Fifth Avenue, Madrid', 'NyctankviewGigglyphar', '-821270844272805044', '0124832355706102'),
(10363, 'Irvine Pichler', 'i.pichler@gmail.com', '+74178077492', '283, Market Boulevard, Madrid', 'Corpho1997leEzstorv', '6869613273305431261', '4710364739495433'),
(10364, 'Ellis Melnyk', 'e.melnyk@mail.ru', '+76078096791', '222, Saints Boulevard, Barnaul', 'MofferlistJeanUpdates', '-8675008811783567995', '3373520398854355'),
(10365, 'Jaymes Pichler', 'j.pichler@inbox.com', '+78759058364', '92, Auto Circle, Krasnoyarsk', 'MomentechJoyougheenr!', '6710193735043776710', '1870611185210634'),
(10366, 'Gwendolyn Wagner', 'g.wagner@mail.ru', '+71491863981', '224, Broadway, Ankara', 'Monsterc?aKaasani', '4080228727128091234', '8074918320853921'),
(10369, 'Harold Pichler', 'h.pichler@ya.ru', '+77546467498', '175, Julius Thruway, Perm', 'ComiconesExtraRosesAngel', '-5468790908053308857', '3604323079176381'),
(10370, 'Gwendolyn Nilsen', 'g.nilsen@gmail.com', '+79296410319', '76, Las Venturas Boulevard, Kazan', '4meandthiLouislogi', '8547200391445200474', '9580191706770054'),
(10371, 'Jarred Moser', 'j.moser@gmail.com', '+74006769436', '203, 6th Street, Saint Petersburg', 'ChellGazetteJuzTrickyDeck', '5572095525211007517', '1091119441041305'),
(10373, 'Damon Steiner', 'd.steiner@gmail.com', '+72823359062', '89, Hasselhoff Street, Dublin', 'A_irCartJungRacing(๑•́ ω •̀๑)', '-6145465417302963618', '0182788477321219'),
(10374, 'Gilbert Huber', 'g.huber@gmail.com', '+76284958009', '289, Hasselhoff Street, Barnaul', 'AlertstericKittyFamous', '1722392587519077792', '4877424886794806'),
(10376, 'Frieda Wagner', 'f.wagner@mail.ru', '+75108607334', '188, Interstate 45, Barnaul', 'MofferlistJoyougheenr', '7651311948033339898', '9713912777434645'),
(10377, 'Kris Steiner', 'k.steiner@yandex.ru', '+76299408768', '260, Saints Boulevard, Novosibirsk', 'AdmiradomHolydatens', '-3123291648205846810', '3784060905020169'),
(10378, 'Jarred Wagner', 'j.wagner@yahoo.com', '+79544975815', '267, Auto Circle, Moscow', 'BromorksJeanUpdates', '-7668269399315754774', '9227105682858700'),
(10379, 'Ellis Steiner', 'e.steiner@yandex.ru', '+73638240006', '309, Dix Road, Berlin', 'ChronicleupExtraRosesAngel', '806884146473693512', '7035523941052724'),
(10380, 'Barret Rossi', 'b.rossi@rambler.ru', '+75449687751', '202, Broadway, Kazan', 'BromorksDronuseda/l', '8667144994057104121', '4933904281430290'),
(10381, 'Gretta Rossi', 'g.rossi@yahoo.com', '+71666104394', '116, Broadway, Yekaterinburg', 'PaceltheManesoft', '-8278254971514276222', '1830946323437820'),
(10384, 'Eveline Andersen', 'e.andersen@rambler.ru', '+76147571849', '163, Saints Boulevard, Novosibirsk', 'Corphole783Jillered', '-1485455804060997603', '8505549082499316'),
(10385, 'Ellis Moser', 'e.moser@gmail.com', '+75092032783', '112, Fifth Avenue, Rome', 'BinderSeeEnjoyerie_', '6407184608488771632', '4938400464895264'),
(10386, 'Aleesha Melnyk', 'a.melnyk@inbox.com', '+77719722338', '143, San Fierro Scenic Road, Helsinki', 'AortamiDonstest', '-8120100400446611473', '8201951143889354'),
(10387, 'Barret Rossi', 'b.rossi@inbox.com', '+79617429329', '162, Saints Boulevard, Ankara', 'ChellGazetteDronusedal', '5454134875889306768', '4940576274912194'),
(10388, 'Gretta Moser', 'g.moser@ya.ru', '+73611726003', '147, Auto Circle, Chicago', '?MalthisoLawFun', '-3845885028836454492', '7977398734298335'),
(10389, 'Harold Santos', 'h.santos@yahoo.com', '+79171712042', '248, 6th Street, Helsinki', 'MessageSosaGreyeprico', '3057815811898491147', '1607461321539411'),
(10391, 'Ode Silva', 'o.silva@ya.ru', '+79008384581', '170, Harry Gold Parkway, Paris', 'PaceltheLarkatel', '-8495128995848022937', '9370418098624906'),
(10392, 'Debi Boyko', 'd.boyko@yahoo.com', '+75761056991', '130, Dix Road, Baltimore', 'ComiconesDagenera', '6197628037244133220', '0128310548591483'),
(10394, 'Damon Silva', 'd.silva@gmail.com', '+73604495894', '63, San Fierro Scenic Road, Novosibirsk', 'Ai<rCartHelloft', '-5584263258611466159', '9086254859410858'),
(10396, 'Harold Shevchenko', 'h.shevchenko@yandex.ru', '+79320647777', '216, Grove Street, Krasnoyarsk', 'CorpholeLouislogi', '3767789512519898166', '6387811707717632'),
(10397, 'Gilbert Silva', 'g.silva@inbox.com', '+78342681203', '269, Harry Gold Parkway, Perm', 'BeastargiumGoofyrellak', '7347152603495159968', '3137282978512861'),
(10401, 'Frieda Shevchenko', 'f.shevchenko@gmail.com', '+75084425167', '230, Dix Road, Barcelona', 'AortamiFreakeronge', '-6547125898324945201', '3202313516621797'),
(10402, 'Gretta Gruber', 'g.gruber@yahoo.com', '+72864184109', '254, 6th Street, Ryazan', 'ClartorgLarkatel', '-4305332383656670374', '9726382750151570'),
(10406, 'Rubye Moser', 'r.moser@rambler.ru', '+73976943676', '180, Hasselhoff Street, Madrid', 'MonGamerKatJungRacing', '-464224112026721830', '8751030738252600'),
(10407, 'Ode Boyko', 'o.boyko@gmail.com', '+72399573803', '268, 6th Street, Moscow', 'Moffer4909listGigglyphar', '-4770842539313126180', '4435350101689662'),
(10408, 'Kyle Santos', 'k.santos@rambler.ru', '+79577884769', '222, Las Venturas Boulevard, Ryazan', 'CorpholeManesoft', '2708379384614161507', '4108337749686221'),
(10411, 'Carina Johansen', 'c.johansen@mail.ru', '+71514121499', '219, Julius Thruway, Baltimore', 'BroadwayAngelicEqu9527entum', '-7124250715581450717', '1469424974451296'),
(10412, 'Aleesha Steiner', 'a.steiner@ya.ru', '+77480885156', '126, Grove Street, Saint Petersburg', 'NoteSumoJeanUpdates(^･ｪ･^)', '-2218016507618320319', '6245349915455436'),
(10414, 'Lily Rossi', 'l.rossi@inbox.com', '+78352419447', '301, Fifth Avenue, Moscow', 'CrossoriaInebay<er(ᗒᗩᗕ)՞', '288534709093553842', '4334905970202345'),
(10417, 'Ode Russo', 'o.russo@inbox.com', '+76947471231', '254, San Fierro Scenic Road, Barcelona', 'Alimen&tLouislogi(ㅇㅅㅇ❀)', '127864368485939102', '6504590752465633'),
(10418, 'Lily Hansen', 'l.hansen@ya.ru', '+71387799352', '189, Hasselhoff Street, Madrid', 'A8542ortamiCovenkle', '-7663419037525502486', '4957576530963897'),
(10419, 'Gilbert Andersen', 'g.andersen@inbox.com', '+77228364039', '145, Harry Gold Parkway, Dublin', 'Broadw78a-yAngelicDonstest', '3339346159186428860', '0280035318889627'),
(10420, 'Catherine Shevchenko', 'c.shevchenko@ya.ru', '+72968841083', '167, Las Venturas Boulevard, Tomsk', 'Pi!typellFreakeronge', '4909500273602195289', '4646362752501965'),
(10422, 'Jaymes Andersen', 'j.andersen@mail.ru', '+75519490325', '17, Saints Boulevard, Novosibirsk', '4meandthiLedgerAway', '-2412252105027025043', '5161469697619658'),
(10423, 'Aria Andersen', 'a.andersen@inbox.com', '+72087834349', '292, Main Street, Ryazan', 'NoteDarkFaceKittyFamous', '-3136514137453092346', '3900377677817737'),
(10424, 'Frieda Melnyk', 'f.melnyk@yahoo.com', '+71722897979', '197, Market Boulevard, London', 'C&andyWavesMonCovenkle', '391285142534121800', '1441138731195568'),
(10425, 'Gwendolyn Boyko', 'g.boyko@ya.ru', '+71833194299', '93, Interstate 45, London', 'BeastargiumDronusedal', '9025744656237544759', '0884394515963935'),
(10427, 'Jennifer Wagner', 'j.wagner@inbox.com', '+72919113669', '289, Broadway, Bogotá', 'ChunkyouetHolydatens', '-6312548750675163381', '4779902830265327'),
(10429, 'Ellis Andersen', 'e.andersen@yahoo.com', '+76087540205', '178, Harry Gold Parkway, Kazan', 'BlondievelyGambitrice', '8753350833671942581', '4007697505661866'),
(10431, 'Carina Russo', 'c.russo@rambler.ru', '+73924604921', '113, Fifth Avenue, London', 'MediumeratJoy9114ougheen+r', '999314883240387261', '4790902113660686'),
(10432, 'Gilbert Steiner', 'g.steiner@ya.ru', '+72120959676', '179, Saints Boulevard, Tomsk', 'NyctankviewFreakeronge(灬♥ω♥灬)', '-2126485195980692413', '3610235070510462'),
(10433, 'Jill Olsen', 'j.olsen@gmail.com', '+76111206726', '207, San Fierro Scenic Road, Saint Petersburg', 'AmgustamLarkatel', '-1791288290745939136', '2624079625837875'),
(10434, 'Jarred Pichler', 'j.pichler@gmail.com', '+73330767883', '136, Interstate 45, Novosibirsk', 'PaceltheE6031xtraRosesAngel', '-2777624895801374045', '1812702219929157'),
(10437, 'Ellis Gruber', 'e.gruber@yahoo.com', '+75419211442', '292, Fifth Avenue, Berlin', 'CistKlug>Holydatens', '-1059901233801780755', '2406815962221909'),
(10438, 'Kris Huber', 'k.huber@ya.ru', '+78070965000', '61, Main Street, Vladivostok', 'MessageSosaGambitrice', '5890317612613492260', '5940512085379583'),
(10440, 'Alisha Rossi', 'a.rossi@yahoo.com', '+73176914843', '199, Broadway, Osaka', 'NyctankviewGreyeprico', '-594410049840487191', '6492785962524926'),
(10441, 'Ellis Bauer', 'e.bauer@yahoo.com', '+77374267895', '49, Grove Street, Barnaul', 'MessageSosaEquentum', '8284411114787888514', '6233704105356413'),
(10442, 'Olive Andersen', 'o.andersen@gmail.com', '+71329756380', '15, Market Boulevard, Barcelona', 'MomentechExtraRosesAngel', '3009731115786702934', '7480227824273230'),
(10443, 'Kyle Russo', 'k.russo@yandex.ru', '+75397460758', '303, Broadway, Vladivostok', 'BillSelfJoyougheenr', '-154615933954030140', '8407552060361234'),
(10445, 'Jill Larsen', 'j.larsen@yandex.ru', '+73459324907', '70, Mulholland Drive, Madrid', 'BillSelfKittyFamous(^･ｪ･^)', '-5296267221133392174', '9299091843700099'),
(10447, 'Jill Shevchenko', 'j.shevchenko@yahoo.com', '+77684754658', '7, San Fierro Scenic Road, Dublin', 'BauerReptileHellof4251t', '8490620047631888196', '4356428802334428'),
(10448, 'Aria Larsen', 'a.larsen@mail.ru', '+72868525448', '302, Saints Boulevard, Ryazan', 'CandyW2417avesMonDronusedal', '-4279313920163877889', '0498404596725724'),
(10449, 'Anne Santos', 'a.santos@inbox.com', '+71425801358', '122, Grove Street, Omsk', 'ChunkyouetGambitrice', '-2310246924913704485', '8744680637914255'),
(10450, 'Kris Hansen', 'k.hansen@mail.ru', '+75320912353', '196, Grove Street, Baltimore', 'MofferlistLarkatel', '-7216074725440544802', '8155050875196321'),
(10451, 'Frieda Nilsen', 'f.nilsen@mail.ru', '+73138487464', '164, Julius Thruway, Krasnoyarsk', 'ChunkyouetLaurenic', '-8742804297412143919', '3278513123030266'),
(10452, 'Debi Gruber', 'd.gruber@inbox.com', '+71875801058', '150, Hasselhoff Street, Bogotá', '4meandthiHol$ydatens', '-7446370573888412418', '1434897071855073'),
(10457, 'Jarred Andersen', 'j.andersen@inbox.com', '+79576206729', '256, Interstate 45, Bogotá', 'Crossor7889iaJuzTrickyDeck', '-2927315458440007408', '0627759458289131'),
(10458, 'Barret Andersen', 'b.andersen@gmail.com', '+77977822203', '291, Fifth Avenue, Saint Petersburg', 'AmgustamFreakerongeᏊ^ꈊ^Ꮚ', '2707206721534623897', '7509150339780994'),
(10459, 'Harold Olsen', 'h.olsen@rambler.ru', '+73402230083', '73, Main Street, Chicago', 'CistKlugLetterIffy', '-3967205385042456727', '1281079594074153'),
(10462, 'Frieda Johansen', 'f.johansen@yandex.ru', '+72919862542', '28, Grove Street, Barnaul', 'MonGamerKatConspiracy彡ﾟ◉ω◉ )つー☆*', '6015844787676336508', '6467159187978176'),
(10463, 'Myrle Gruber', 'm.gruber@inbox.com', '+71774603897', '232, Old Venturas Strip, London', 'BinderSeeKit!tyFamous', '-5533833955400469112', '1589719507039009'),
(10464, 'Jaymes Wagner', 'j.wagner@yandex.ru', '+73256071829', '104, Mulholland Drive, Dublin', 'PaceltheJillered', '2496899151413302864', '9651568612603774'),
(10465, 'Eden Bauer', 'e.bauer@gmail.com', '+78546997928', '292, San Fierro Scenic Road, Saint Petersburg', 'Co8343rpholeJuzTrickyDeck', '387116546500230233', '8117323638969999'),
(10466, 'Berry Huber', 'b.huber@gmail.com', '+73442106309', '53, Interstate 45, Helsinki', 'CrossoriaGamb312itrice', '-3469362913617326830', '1025970989661719'),
(10469, 'Kyle Pichler', 'k.pichler@yahoo.com', '+78388513302', '130, Mulholland Drive, Bogotá', 'CorpholeConspiracy', '-1810604962100447441', '3360050926603508'),
(10470, 'Jaymes Larsen', 'j.larsen@ya.ru', '+73599504378', '90, Main Street, Berlin', 'PitypellL*arkatel', '7163592530382138462', '9544977424929998'),
(10471, 'Anne Steiner', 'a.steiner@rambler.ru', '+77254340425', '230, Fifth Avenue, Osaka', 'NoteDarkFaceJuzTrickyDeck', '-3289202425688831041', '6112277023461872'),
(10473, 'Alisha Shevchenko', 'a.shevchenko@gmail.com', '+79792390068', '57, Old Venturas Strip, Ankara', 'ChronicleupConspiracy', '-2017965673464191025', '8683663753244556'),
(10474, 'Anne Olsen', 'a.olsen@inbox.com', '+79952366081', '79, San Fierro Scenic Road, Barnaul', 'C+akenteliaDage8985nera', '-7321199680155317574', '1269720676253278'),
(10475, 'Lily Moser', 'l.moser@yandex.ru', '+76043015006', '65, Auto Circle, Yekaterinburg', 'Nyctank1090viewGambitrice', '-1374711816892451149', '6556162398461682'),
(10476, 'Carina Melnyk', 'c.melnyk@inbox.com', '+71875424375', '316, Hasselhoff Street, Rome', 'CakenteliaJillered', '-3206150230062372300', '7497848608513780'),
(10477, 'Kyle Russo', 'k.russo@gmail.com', '+76324165668', '318, Harry Gold Parkway, Madrid', 'CorpholeF*reakeronge', '-5544365660668938779', '0293584968206378'),
(10478, 'Kyle Andersen', 'k.andersen@rambler.ru', '+72002953128', '299, Main Street, London', 'Chunkyoue9729tJungRacing', '-387266149495301468', '9404739509547272'),
(10480, 'Gwenevere Bauer', 'g.bauer@ya.ru', '+77259357698', '5, Fifth Avenue, Moscow', 'AortamiLarkatel', '-2024818484187084783', '4064346947558274'),
(10481, 'Anne Larsen', 'a.larsen@yandex.ru', '+78343089863', '14, Mulholland Drive, Innopolis', 'MonstercaKittyFamous', '-3949604080070024800', '0059163885420285'),
(10484, 'Barret Pichler', 'b.pichler@rambler.ru', '+73447436512', '80, Saints Boulevard, Osaka', 'BromorksJungRacing', '2915124479181600191', '6587248546517650'),
(10485, 'Kyle Santos', 'k.santos@gmail.com', '+72650127282', '309, Interstate 45, Chicago', 'PitypellJi6932llered', '5415064200615256292', '4749773148378308'),
(10486, 'Kris Nilsen', 'k.nilsen@ya.ru', '+77813711005', '51, Las Venturas Boulevard, Madrid', 'MalthisoLaurenic', '-5439031590215313559', '0829777077032729'),
(10487, 'Normand Santos', 'n.santos@mail.ru', '+78695324906', '297, Grove Street, Innopolis', 'BromorksLawFun', '8967236397671445448', '5029206387515757'),
(10488, 'Harold Russo', 'h.russo@rambler.ru', '+76786093188', '75, San Fierro Scenic Road, Perm', 'BinderSeeExtr*aRose8779sAngel', '774614546300869216', '8577787948061977'),
(10489, 'Jill Boyko', 'j.boyko@ya.ru', '+77193578894', '62, Broadway, Krasnoyarsk', 'BillSelfInikrine', '-2705739424704846865', '3923928591809533'),
(10490, 'Aria Mayer', 'a.mayer@yahoo.com', '+79196845703', '163, Saints Boulevard, Saint Petersburg', 'Cr7840ossoriaInteriorne', '1395053251038408788', '0824836754313495'),
(10491, 'Harold Silva', 'h.silva@rambler.ru', '+72304678610', '188, Main Street, Vladivostok', 'PitypellHolydatens', '-7442228182558990175', '7047551721975348'),
(10492, 'Jennifer Bauer', 'j.bauer@mail.ru', '+74555639241', '184, Main Street, Krasnoyarsk', '4663MonGamerKatInteriorne', '1566829220548642373', '0696094834910519'),
(10495, 'Alexia Silva', 'a.silva@gmail.com', '+72612290344', '309, 6th Street, Rome', 'NyctankviewL5811edgerAway', '-387715189672363635', '4784356119026191'),
(10496, 'Cindi Huber', 'c.huber@ya.ru', '+79275347826', '220, Dix Road, Barcelona', '4meandthiJeanUpdates', '-458779308580998057', '8986543885340465'),
(10497, 'Kris Wagner', 'k.wagner@yahoo.com', '+76285711676', '160, Grove Street, Yekaterinburg', 'AirCartLouislogi', '652932638483381808', '9187790208018715'),
(10499, 'Olive Bruno', 'o.bruno@inbox.com', '+72215926423', '255, San Fierro Scenic Road, Barnaul', 'AortamiLawFun', '-6263344682706028279', '8405656802575473'),
(10501, 'Normand Moser', 'n.moser@inbox.com', '+75479012197', '233, Broadway, Yekaterinburg', 'MellowKitJuzTrickyDeck', '1694828123959997852', '1964298816541862'),
(10502, 'Frieda Shevchenko', 'f.shevchenko@yahoo.com', '+76011370346', '127, Saints Boulevard, Innopolis', '-BromorksCovenkle', '4716599098719230509', '9866411662998827'),
(10503, 'Cecil Moser', 'c.moser@mail.ru', '+76054547702', '140, Mulholland Drive, Rome', 'ClartorgKittyFamous', '-7636813477444932000', '9808498875537565'),
(10506, 'Eden Boyko', 'e.boyko@ya.ru', '+74838532867', '182, 6th Street, Madrid', 'BlackencessConspiracy', '-6940614127030069209', '1342479978267524'),
(10508, 'Lena Larsen', 'l.larsen@yahoo.com', '+78738185371', '265, San Fierro Scenic Road, Novosibirsk', 'MessageSosaDagenera彡ﾟ◉ω◉ )つー☆*', '-3151850499803692725', '4736654209445248'),
(10511, 'Barret Pichler', 'b.pichler@inbox.com', '+75118174745', '207, Grove Street, Vladivostok', 'BromorksManiakNotice', '5852627739948814091', '8585849773781124'),
(10512, 'Debi Rossi', 'd.rossi@ya.ru', '+77541886276', '22, Las Venturas Boulevard, Saint Petersburg', 'CakenteliaDagenera', '-1656061508243638393', '0925114496783544'),
(10514, 'Berry Russo', 'b.russo@mail.ru', '+74417269005', '203, San Fierro Scenic Road, Ankara', 'ChronicleupGreyeprico', '-1412729731886755836', '1111923067799899'),
(10515, 'Frieda Russo', 'f.russo@rambler.ru', '+71359187252', '207, Julius Thruway, Ankara', 'MediumeratGambitrice', '3582587807163480674', '3317954529686249'),
(10516, 'Debi Bauer', 'd.bauer@gmail.com', '+76858352948', '288, Las Venturas Boulevard, Barcelona', 'MofferlistGigglyphar', '2625252480046822601', '2346945675811889'),
(10518, 'Mike Shevchenko', 'm.shevchenko@yahoo.com', '+73852236887', '11, Hasselhoff Street, Saint Petersburg', 'NyctankviewLaurenic(ᗒᗩᗕ)՞', '8836209563612627967', '7242911130408013'),
(10521, 'Jarred Bauer', 'j.bauer@yandex.ru', '+75115087907', '311, Broadway, Rome', 'Chro2954nicleupExtraRosesAngel', '4759607726480667151', '4756273946457431'),
(10522, 'Cindi Melnyk', 'c.melnyk@yandex.ru', '+75436534882', '11, Dix Road, Rome', 'CrossoriaJuzTrickyDeck', '660595714195985422', '5263994626110571'),
(10523, 'Kyle Boyko', 'k.boyko@gmail.com', '+75154891688', '264, Grove Street, Innopolis', 'BauerReptileMan3352iakNotice', '-5468620953609593695', '3778308835323146'),
(10524, 'Mike Nilsen', 'm.nilsen@rambler.ru', '+79699153734', '18, Dix Road, Baltimore', '2291NoteDarkFaceDagenera(๑•́ ω •̀๑)', '6904236888784681018', '2116887678496739'),
(10525, 'Harold Silva', 'h.silva@gmail.com', '+71504023540', '44, Mulholland Drive, Perm', 'CandyWavesMonGambitrice', '1273679076372418823', '3839971766038400'),
(10527, 'Ellis Wagner', 'e.wagner@ya.ru', '+74920546741', '42, Main Street, Paris', 'NoteDarkFaceJuzTri*ckyDeck', '-3977774994126753510', '4446063930352736'),
(10528, 'Kyle Larsen', 'k.larsen@gmail.com', '+78197510791', '69, Broadway, Ryazan', 'CistKlugFreakeronge', '-517588980863512666', '0713171645386091'),
(10530, 'Catherine Andersen', 'c.andersen@yandex.ru', '+71047418086', '246, San Fierro Scenic Road, Novosibirsk', 'CistKlugC9901ovenkle', '-3149168941636698979', '6814869501047326'),
(10532, 'Mike Melnyk', 'm.melnyk@gmail.com', '+78917916283', '60, Grove Street, Yekaterinburg', 'AlertstericEzstorv', '5817492625805897506', '1065124513888320'),
(10534, 'Frieda Rossi', 'f.rossi@ya.ru', '+73432465219', '210, Auto Circle, Perm', 'AlertstericLawFun', '3777353842235595485', '8157057951639999'),
(10536, 'Carina Melnyk', 'c.melnyk@ya.ru', '+79073315590', '116, Las Venturas Boulevard, Saint Petersburg', 'AirCartManesoft', '6022847798299931090', '2053636016171402'),
(10537, 'Lena Andersen', 'l.andersen@mail.ru', '+72533525757', '13, Mulholland Drive, Barcelona', 'BinderSeeEnj4618oyerie', '5300956888295262025', '7496431232083457'),
(10539, 'Gilbert Mayer', 'g.mayer@yandex.ru', '+72455088129', '77, Las Venturas Boulevard, Moscow', 'Cand3127yWavesMonFreakeronge', '-1710491678930812663', '9579921793071513'),
(10540, 'Eden Santos', 'e.santos@rambler.ru', '+77529396527', '97, Las Venturas Boulevard, Novosibirsk', 'NoteDarkFaceInebayer', '-802825707501778346', '6123196355368352'),
(10542, 'Mike Mayer', 'm.mayer@yahoo.com', '+79826955763', '217, Dix Road, Perm', 'BauerReptileConspiracy(ﾉ◕ヮ◕)ﾉ*:･ﾟ✧', '-6593907869084487331', '5854153628104897'),
(10543, 'Rubye Huber', 'r.huber@rambler.ru', '+71073323681', '215, Auto Circle, Osaka', 'CistKlugLaurenic', '-7775362745973423812', '6849374049678282'),
(10544, 'Irvine Wagner', 'i.wagner@ya.ru', '+72602294487', '107, Dix Road, Omsk', 'ChronicleupFreakeronge534', '4006441759712203037', '0389198844434296'),
(10545, 'Rubye Russo', 'r.russo@inbox.com', '+77503499639', '288, Interstate 45, Baltimore', '4meandthiH<elloft', '-7971709253552878465', '7062169828239325'),
(10546, 'Harold Pichler', 'h.pichler@yandex.ru', '+79108731617', '166, Broadway, Innopolis', 'MonGamerKatExtraRosesAngel', '-6472854636281493493', '9114719475942371'),
(10547, 'Irvine Wagner', 'i.wagner@yahoo.com', '+72364884268', '300, Auto Circle, Dublin', 'CandyWavesMonInebayerღゝ◡╹)ノ♡', '-5351872999142567211', '4908193289082405'),
(10548, 'Barret Santos', 'b.santos@gmail.com', '+75473850116', '27, 6th Street, Helsinki', 'CandyWa3687vesMonFreakeronge', '-1133739755866019170', '5009205291883223'),
(10549, 'Lily Gruber', 'l.gruber@ya.ru', '+75387022263', '51, Fifth Avenue, Berlin', 'MonstercaJuzTrickyDeck', '1550006762594377087', '2528584306996755'),
(10552, 'Aleesha Pichler', 'a.pichler@gmail.com', '+75325088105', '19, San Fierro Scenic Road, Barnaul', 'PenguingsInteriorne', '8285626983950342211', '6858243677745308'),
(10553, 'Lily Melnyk', 'l.melnyk@yahoo.com', '+71214890473', '303, Interstate 45, Baltimore', 'MediumeratJeanUpdates', '2851327094787650924', '1224161474772922'),
(10555, 'Damon Olsen', 'd.olsen@yahoo.com', '+71061291906', '34, Dix Road, Madrid', 'NoteDarkFaceJe>anUpdates', '-1264964738008059326', '5109509745848980'),
(10556, 'Adelina Santos', 'a.santos@yahoo.com', '+74422232883', '154, Broadway, Innopolis', 'BinderSeeGoofyrella?k', '-9024535831073999723', '7534045822147346'),
(10560, 'Alexia Pichler', 'a.pichler@ya.ru', '+75457357766', '69, Fifth Avenue, Perm', 'ChunkyouetLedgerAway', '-2763291681376565208', '4244792341641459'),
(10561, 'Barret Mayer', 'b.mayer@mail.ru', '+74784949001', '242, Market Boulevard, Krasnoyarsk', 'Admiradom1_714Laurenic', '441902255642800842', '3858280359798103'),
(10563, 'Rubye Andersen', 'r.andersen@mail.ru', '+72480774812', '278, Auto Circle, Barnaul', 'NoteSumo2233Inikrine', '-3697994841357370558', '7324315435103858'),
(10565, 'Frieda Gruber', 'f.gruber@gmail.com', '+73029736562', '179, Dix Road, Helsinki', 'Pitype+llLetterIffy', '4665493010565149264', '5225010612487281'),
(10568, 'Alisha Nilsen', 'a.nilsen@yandex.ru', '+75863414600', '292, Saints Boulevard, Moscow', 'NoteSumoEquentum', '2929004868071489712', '5044342258203191'),
(10570, 'Catherine Olsen', 'c.olsen@inbox.com', '+72545697767', '172, Fifth Avenue, Perm', 'AmgustamCovenkle', '-5260580706541878647', '0717577002709257'),
(10571, 'Cindi Wagner', 'c.wagner@yandex.ru', '+77958395195', '36, Auto Circle, Dublin', 'CistKlu2355gLouislogi', '5603165939806419325', '6833029854520588'),
(10572, 'Normand Rossi', 'n.rossi@mail.ru', '+74835665064', '72, Fifth Avenue, Baltimore', 'NyctankviewLawFun', '1224137741069699500', '1774453347651267'),
(10573, 'Gretta Wagner', 'g.wagner@inbox.com', '+76481909861', '290, Old Venturas Strip, Yekaterinburg', 'ComiconesGigglyphar', '-7318373703259790354', '0356525001213359'),
(10575, 'Alisha Silva', 'a.silva@yahoo.com', '+74082414218', '224, Old Venturas Strip, Athens', 'Aliment2451Louislogi', '6320523686052871237', '6846338803254158'),
(10576, 'Jennifer Steiner', 'j.steiner@inbox.com', '+79381189995', '197, Old Venturas Strip, Ryazan', '1406AirCartEzstorv', '-7890426315963731634', '6833117316161377'),
(10578, 'Barret Hansen', 'b.hansen@gmail.com', '+76084892057', '213, Old Venturas Strip, Barnaul', 'PaceltheMan?iakNotice', '-2414766160021550887', '4685436512386568'),
(10581, 'Frieda Larsen', 'f.larsen@rambler.ru', '+78492668145', '26, Julius Thruway, Barnaul', 'MofferlistJuzTrickyDeck!', '6287502543824491013', '1388192541109387'),
(10582, 'Jarred Russo', 'j.russo@mail.ru', '+73808435145', '223, 6th Street, Omsk', 'BlackencessJuzTrickyDeck', '8340744407301047139', '9773228636211200'),
(10584, 'Eveline Wagner', 'e.wagner@yandex.ru', '+79259329070', '178, Broadway, Helsinki', 'BiologiInikrine', '6354116241604001750', '6066086461335567'),
(10585, 'Mike Santos', 'm.santos@mail.ru', '+75067575208', '64, Saints Boulevard, Chicago', '4232meandthiLetterIffy', '1770864748342136644', '7424426508438696'),
(10586, 'Cecil Moser', 'c.moser@gmail.com', '+76798265664', '295, Broadway, London', 'MediumeratLetterIffy', '-3456638769884413629', '5778495543493258'),
(10587, 'Berry Hansen', 'b.hansen@inbox.com', '+75551014488', '86, San Fierro Scenic Road, Chicago', 'AlertstericJillered', '6316793173757719520', '2993982508937823'),
(10589, 'Damon Johansen', 'd.johansen@gmail.com', '+72023241082', '54, Harry Gold Parkway, Paris', 'ChellGazetteJungRacing', '-6286982672544447762', '6334435008737809'),
(10590, 'Jaymes Shevchenko', 'j.shevchenko@mail.ru', '+74247102700', '128, San Fierro Scenic Road, Tomsk', 'NyctankviewInebaye5592r', '-4043806827370546520', '4933499575813228'),
(10591, 'Kyle Santos', 'k.santos@yahoo.com', '+72730156491', '97, Broadway, London', 'BlackencessJeanUpdates', '-1561148064975365565', '6588143103347168'),
(10594, 'Carina Boyko', 'c.boyko@gmail.com', '+77099008127', '272, Grove Street, Perm', 'Cor9303pholeManiakNotice', '-486377349492709534', '0701001365007922'),
(10595, 'Barret Andersen', 'b.andersen@inbox.com', '+76566343911', '16, Julius Thruway, Athens', 'CorpholeJungRacing', '3551847188790185512', '0011696078237405'),
(10596, 'Barret Wagner', 'b.wagner@inbox.com', '+73264905008', '185, San Fierro Scenic Road, Saint Petersburg', 'PaceltheJillered4697', '2550891237383233297', '1794245769185375'),
(10597, 'Irvine Santos', 'i.santos@mail.ru', '+75924503991', '53, Interstate 45, Chicago', 'ChunkyouetConspiracy', '8639417162622566288', '2879506057863608'),
(10598, 'Ode Larsen', 'o.larsen@rambler.ru', '+79865382593', '31, Interstate 45, Baltimore', 'BillSelfEn>joyerie', '2990412435172608182', '5836663388295099'),
(10599, 'Rubye Mayer', 'r.mayer@yandex.ru', '+71609913367', '8, Harry Gold Parkway, Barcelona', 'AlimentGambitr6011ice', '-6222444342978004810', '1058673393271182'),
(10600, 'Irvine Olsen', 'i.olsen@inbox.com', '+79471509732', '86, Interstate 45, Tomsk', 'B+auerR6562eptileLarkatel', '-613557130648315221', '9993730691624906'),
(10602, 'Normand Silva', 'n.silva@ya.ru', '+71774635832', '280, Broadway, Vladivostok', 'NyctankviewConspiracy', '2122783975543063920', '1797728413641970'),
(10603, 'Alisha Bauer', 'a.bauer@ya.ru', '+74278091586', '265, Mulholland Drive, Moscow', 'Chel|lGazetteConspiracy(灬♥ω♥灬)', '1891947732064918028', '9957757918542529'),
(10605, 'Fay Johansen', 'f.johansen@ya.ru', '+75895314542', '296, Grove Street, Vladivostok', 'Ali704mentFu|nThenorn', '7451660838198945897', '5411233901641791'),
(10606, 'Gwenevere Russo', 'g.russo@yahoo.com', '+71839277521', '257, Old Venturas Strip, Paris', 'Blo?ndiev1243elyLawFun', '1891077991190131533', '5348136238048357'),
(10609, 'Kyle Hansen', 'k.hansen@yahoo.com', '+77016363724', '304, Harry Gold Parkway, Tomsk', 'ChellGazetteDr9091onusedal', '1920188705471557791', '7534191798058960'),
(10610, 'Gwendolyn Andersen', 'g.andersen@ya.ru', '+78309585437', '192, Fifth Avenue, Yekaterinburg', 'BroadwayAngelicInebayer', '3542248554949400790', '0615355909045997'),
(10611, 'Eden Huber', 'e.huber@yandex.ru', '+71579818461', '67, 6th Street, Saint Petersburg', 'NoteSumoEnjoyerieღゝ◡╹)ノ♡', '3858394177821835307', '4941451529009873'),
(10612, 'Ode Olsen', 'o.olsen@gmail.com', '+75573835602', '149, Main Street, Osaka', 'NyctankviewKittyFamous', '-566900931212355525', '4016266145427566'),
(10613, 'Frieda Melnyk', 'f.melnyk@gmail.com', '+74788234956', '177, Mulholland Drive, Baltimore', 'AmgustamGoofyrellak(^･ｪ･^)', '-5991914686811238514', '9492551528629553'),
(10614, 'Rubye Bauer', 'r.bauer@gmail.com', '+76497758599', '268, Fifth Avenue, Berlin', '48236meandthiEzstorv', '-421441248113559969', '4044035194796943'),
(10616, 'Ode Boyko', 'o.boyko@ya.ru', '+73424063187', '192, Harry Gold Parkway, Vladivostok', 'AortamiGoWeblogTins', '4376917368713882763', '5277870760891171'),
(10617, 'Irvine Moser', 'i.moser@inbox.com', '+78242873588', '277, Julius Thruway, Ankara', 'NyctankviewCovenkle', '2182941095071736067', '3365269847917352'),
(10622, 'Gwenevere Russo', 'g.russo@rambler.ru', '+77119034907', '230, San Fierro Scenic Road, Omsk', 'ChellGazetteLedgerAway', '-8804012693240780270', '2308610320882500'),
(10623, 'Cecil Santos', 'c.santos@gmail.com', '+76707880947', '137, Auto Circle, Kazan', 'Malt922hisoGambitrice', '-8408732100749672213', '0091699462260049'),
(10624, 'Catherine Nilsen', 'c.nilsen@ya.ru', '+76232135041', '267, Harry Gold Parkway, Berlin', '4meandthiHolydatens', '4420906850558319776', '2442593167621157'),
(10626, 'Jarred Silva', 'j.silva@gmail.com', '+77750353218', '36, Broadway, Kazan', 'PitypellCons|pira4488cy', '-1224644689114081665', '3454018453596606'),
(10627, 'Jennifer Olsen', 'j.olsen@mail.ru', '+77506090168', '72, Grove Street, Athens', 'BroadwayAngelicGambitrice₍₍ (ง ˙ω˙)ว ⁾⁾', '-3926691914114338907', '4020395308500941'),
(10628, 'Damon Hansen', 'd.hansen@yahoo.com', '+77308863998', '55, Las Venturas Boulevard, Saint Petersburg', 'CorpholeGigglyphar', '2947708064879811178', '3843568776530107'),
(10629, 'Lena Bruno', 'l.bruno@inbox.com', '+71022986252', '192, Auto Circle, Ryazan', 'MediumeratManesof3304t', '8264871650030649412', '5899413221747290'),
(10630, 'Lena Andersen', 'l.andersen@rambler.ru', '+77411112278', '293, Harry Gold Parkway, Osaka', 'ChellGazetteCovenk3411le(=ↀωↀ=)', '-97822373464126454', '6982173186202041'),
(10632, 'Jaymes Moser', 'j.moser@ya.ru', '+74920635829', '89, Interstate 45, Berlin', 'MediumeratKittyFamous', '3098749194140064984', '0694289538862165'),
(10633, 'Eveline Steiner', 'e.steiner@ya.ru', '+79721440118', '141, Mulholland Drive, London', 'NoteDarkFaceGoWeblogTins(灬♥ω♥灬)', '-8312786754024766402', '2335833158771353'),
(10635, 'Normand Hansen', 'n.hansen@rambler.ru', '+78700751358', '131, Broadway, Paris', 'AmgustamGambitrice', '1878562816818259071', '5872661823708882'),
(10636, 'Jennifer Hansen', 'j.hansen@mail.ru', '+72631706741', '92, Auto Circle, Perm', 'NoteDarkFaceJillered', '-8316211837542418180', '5890296332580874'),
(10638, 'Damon Bruno', 'd.bruno@inbox.com', '+73555055541', '192, Las Venturas Boulevard, Kazan', 'BinderSeeGambitrice', '3970785453649068340', '3562647295861245'),
(10639, 'Lily Wagner', 'l.wagner@yahoo.com', '+78717235366', '254, Grove Street, Kazan', 'BroadwayAngelicDonstest', '3809806365818824499', '4048331644391435'),
(10640, 'Gilbert Andersen', 'g.andersen@gmail.com', '+71835459972', '76, Dix Road, Chicago', 'BeastargiumEnjoyerie', '-7505113244531684488', '9742678638698166'),
(10642, 'Fay Russo', 'f.russo@gmail.com', '+71034217212', '286, Interstate 45, Rome', 'Blondievel8381yGreyeprico', '4266355243871324486', '3239459479488278'),
(10643, 'Catherine Shevchenko', 'c.shevchenko@gmail.com', '+71011279882', '80, Market Boulevard, Krasnoyarsk', 'Chu8479nkyouetHolydatens', '-7256432261287690211', '0488288930410823'),
(10644, 'Cecil Steiner', 'c.steiner@ya.ru', '+76757330461', '66, Auto Circle, Osaka', 'BinderSeeHelloft', '-788887049564733881', '1734701270654040'),
(10645, 'Alexia Wagner', 'a.wagner@gmail.com', '+76767503181', '226, Market Boulevard, Barcelona', 'ContentecutKaasani', '-2442383768427125824', '2882409301141364'),
(10647, 'Jennifer Hansen', 'j.hansen@yandex.ru', '+76160815020', '152, Auto Circle, Kazan', 'BromorksGambitri5044ce$', '2757259922370009294', '9103968007282727'),
(10649, 'Cecil Bruno', 'c.bruno@gmail.com', '+73268512128', '75, 6th Street, Baltimore', 'MonGamerKat-JuzTrickyDeck', '8633673267557561788', '0867569576213105'),
(10650, 'Olive Johansen', 'o.johansen@yahoo.com', '+76292915531', '225, 6th Street, London', 'CandyWavesMonJillered', '3299379441031933402', '5731931096160331'),
(10651, 'Harold Hansen', 'h.hansen@yandex.ru', '+78316573818', '150, Old Venturas Strip, Innopolis', 'Cross9336oriaFunThenorn', '7154193054459925140', '2083894075257572'),
(10652, 'Kyle Rossi', 'k.rossi@mail.ru', '+78120876165', '139, Mulholland Drive, Innopolis', 'Moffe?rlistEzst578orv', '-6827154850717917150', '1761998719639048'),
(10654, 'Catherine Johansen', 'c.johansen@gmail.com', '+74412627926', '246, Market Boulevard, Kazan', 'Adm5034iradomInikrine', '8065142420806154658', '6300971128223143'),
(10655, 'Ode Bruno', 'o.bruno@yandex.ru', '+73091293128', '186, Mulholland Drive, Rome', 'AortamiHol86>87ydatens', '7244939987755056407', '7540465433404446'),
(10656, 'Normand Pichler', 'n.pichler@ya.ru', '+74209806440', '259, Mulholland Drive, London', 'PaceltheEnjoyerie', '6612434820526965831', '2378774609555755'),
(10659, 'Irvine Shevchenko', 'i.shevchenko@inbox.com', '+76942807973', '47, Auto Circle, Madrid', 'Ch>ellGazetteLouislogi', '-5662248238762374750', '8046502658011256'),
(10660, 'Jaymes Mayer', 'j.mayer@yandex.ru', '+75373577396', '290, Hasselhoff Street, Krasnoyarsk', 'ChunkyouetJeanUpdat9409es', '-7432465041242856222', '7482770759037961'),
(10661, 'Irvine Bauer', 'i.bauer@gmail.com', '+74272223110', '143, Saints Boulevard, Omsk', 'BlackencessEnjoyerie', '-69818142721910572', '3363011916068331'),
(10662, 'Aleesha Mayer', 'a.mayer@rambler.ru', '+79279253204', '48, Hasselhoff Street, Athens', '4meandthiConspirac>y', '-4906986592822715042', '3704081733050686'),
(10663, 'Ode Silva', 'o.silva@yahoo.com', '+73151261117', '127, Dix Road, Perm', 'MellowKitGigglyphar', '3909649732670418593', '6408585135050341'),
(10664, 'Lily Bruno', 'l.bruno@mail.ru', '+71568749052', '69, Market Boulevard, Paris', 'B5006londievelyJillered₍₍ (ง ˙ω˙)ว ⁾⁾', '-8953331878891795056', '6522513453135726'),
(10666, 'Barret Melnyk', 'b.melnyk@gmail.com', '+75561770869', '4, Julius Thruway, Berlin', 'BroadwayAngelicConspiracy', '-150547641453025179', '3828844413828287'),
(10668, 'Barret Shevchenko', 'b.shevchenko@ya.ru', '+76611544125', '186, 6th Street, Ankara', 'MellowKitEnjoyerie', '5356995937203985363', '1446171983710816'),
(10669, 'Cindi Mayer', 'c.mayer@ya.ru', '+71981561538', '312, Las Venturas Boulevard, Rome', 'Blo162n<dievelyKittyFamous', '-3082993601021921315', '2542884578533669'),
(10671, 'Ode Olsen', 'o.olsen@yahoo.com', '+73461556601', '101, Market Boulevard, Barnaul', 'MonGamerKatInteriorne', '-2788408839429291581', '5784487300040042'),
(10672, 'Debi Pichler', 'd.pichler@yandex.ru', '+75273466677', '200, Main Street, Vladivostok', 'CakenteliaLaureni9524c', '-6148785925872856591', '9493309784118265'),
(10673, 'Harold Hansen', 'h.hansen@ya.ru', '+73075066701', '245, Market Boulevard, Helsinki', 'BillSelfManesoft', '8888223545935355159', '5599335478410077'),
(10674, 'Gilbert Rossi', 'g.rossi@rambler.ru', '+73986932139', '95, Main Street, Rome', 'Peng9750uingsManiakNotice', '521458387785625443', '7362545672980692'),
(10675, 'Alisha Moser', 'a.moser@inbox.com', '+74485316580', '194, Grove Street, Tomsk', 'BauerReptileIneba!yer(҂⌣̀_⌣́)', '1591162723870191780', '5458610760277571'),
(10679, 'Gilbert Boyko', 'g.boyko@yandex.ru', '+79947438721', '146, San Fierro Scenic Road, Moscow', 'Biolo1075giJoyougheenr', '-4410142705623867685', '3517034242744347'),
(10681, 'Alexia Johansen', 'a.johansen@inbox.com', '+72196718272', '30, Harry Gold Parkway, Omsk', 'BinderSeeFreakeronge', '-7985004136458942054', '5206945679988102'),
(10682, 'Catherine Pichler', 'c.pichler@yahoo.com', '+79846568819', '293, Mulholland Drive, Yekaterinburg', 'BlackencessGreyeprico', '4438918212698857565', '2032409992815493'),
(10683, 'Jaymes Shevchenko', 'j.shevchenko@gmail.com', '+78532796898', '155, Fifth Avenue, Osaka', '$MofferlistCovenkle', '-2593291254984529113', '8762473256136406'),
(10684, 'Kyle Mayer', 'k.mayer@yandex.ru', '+71061897747', '31, Julius Thruway, Helsinki', 'BinderSeeLe8505dgerAwa<y(●///▽///●)', '-8886803037948778021', '5520575097502876'),
(10685, 'Aria Silva', 'a.silva@ya.ru', '+75426502428', '153, Market Boulevard, Moscow', 'Cand*yWavesMonExtraRosesAngel', '-233017297774839982', '5892416286124891'),
(10688, 'Cecil Silva', 'c.silva@ya.ru', '+75385172420', '79, 6th Street, Moscow', 'M3359onGamerKatFunThenorn', '2884047640169285081', '9558664723825764'),
(10689, 'Kris Johansen', 'k.johansen@rambler.ru', '+72713194660', '33, Hasselhoff Street, Vladivostok', 'Mome8400ntec+hJungRacing', '-4927540001676576012', '3137727700836822'),
(10690, 'Catherine Bauer', 'c.bauer@mail.ru', '+71225791780', '126, Main Street, Barnaul', 'Black4604encessKaasani', '-2645728153343041369', '2041966162385497'),
(10692, 'Normand Gruber', 'n.gruber@rambler.ru', '+79842902353', '122, Mulholland Drive, Omsk', 'AortamiKittyFamous>', '2614491310047470566', '0319943233330213'),
(10694, 'Jarred Larsen', 'j.larsen@yahoo.com', '+75912154180', '34, Market Boulevard, Tomsk', 'NoteSumoGreyep9*858rico', '-5013977446115112734', '3044790270635983'),
(10695, 'Jaymes Santos', 'j.santos@mail.ru', '+74061430260', '25, Hasselhoff Street, Krasnoyarsk', 'AlertstericDronusedal', '4857904385196961918', '0046811904842345'),
(10697, 'Irvine Silva', 'i.silva@gmail.com', '+78169090169', '299, Market Boulevard, Novosibirsk', 'NyctankviewManesoft', '-8227303235601230999', '8297243734814196'),
(10700, 'Alisha Shevchenko', 'a.shevchenko@inbox.com', '+72754003787', '96, San Fierro Scenic Road, Ankara', 'NyctankviewLedgerAway', '4170113433376180591', '7633574230166177'),
(10702, 'Jill Steiner', 'j.steiner@rambler.ru', '+71284646375', '47, Saints Boulevard, Kazan', 'ClartorgKaas3640ani', '-2599490255270879429', '6630804671199579'),
(10704, 'Frieda Andersen', 'f.andersen@rambler.ru', '+74548467965', '44, Julius Thruway, London', 'BauerReptileInebayer', '2809051113276840209', '8804851590547059'),
(10706, 'Barret Wagner', 'b.wagner@yahoo.com', '+78871787519', '97, Dix Road, Omsk', 'Peng9869uingsGoWeblogTins', '3157420237695501947', '1124584484019269');
INSERT INTO `user` (`user_id`, `full_name`, `e-mail`, `phone_number`, `location_of_residence`, `username`, `password_hash`, `bank_account`) VALUES
(10707, 'Ode Steiner', 'o.steiner@mail.ru', '+79974315046', '179, Las Venturas Boulevard, Barnaul', 'ComiconesLarkatel*', '5690790709532955983', '3011893197711282'),
(10709, 'Barret Silva', 'b.silva@ya.ru', '+74906129834', '10, Market Boulevard, Omsk', 'BromorksLaurenic', '7171109808262861255', '2283055797239029'),
(10712, 'Frieda Nilsen', 'f.nilsen@ya.ru', '+77525765238', '286, Old Venturas Strip, Chicago', 'MellowKitJeanUpdates>', '8684999753019222856', '5490311742795689'),
(10713, 'Damon Pichler', 'd.pichler@inbox.com', '+78078730958', '113, Auto Circle, Tomsk', 'MediumeratDronusedal', '5420654080348571385', '9203562864017796'),
(10715, 'Debi Shevchenko', 'd.shevchenko@yandex.ru', '+77063802956', '123, Julius Thruway, Kazan', 'ClartorgCovenkle', '-1770220696060014020', '6758518327929968'),
(10716, 'Lily Russo', 'l.russo@mail.ru', '+75811239278', '206, San Fierro Scenic Road, Athens', 'AirCartExt9141raRosesAngel', '5659726065039210475', '4282611399548533'),
(10718, 'Gwenevere Bruno', 'g.bruno@inbox.com', '+78481122657', '39, Julius Thruway, Omsk', 'ContentecutJuzTrickyDeck', '3202752582961753176', '7716730245290373'),
(10719, 'Kris Wagner', 'k.wagner@yandex.ru', '+79541239881', '315, San Fierro Scenic Road, Moscow', 'NoteDarkFaceLarkatelᏊᵋꈊᵋᏊ', '-6779516205847154683', '9565639649376859'),
(10720, 'Harold Melnyk', 'h.melnyk@inbox.com', '+76444895317', '55, Saints Boulevard, Athens', 'NoteDarkFaceKaasani', '561280594392795457', '0580996440260854'),
(10722, 'Fay Nilsen', 'f.nilsen@rambler.ru', '+78495755659', '169, Saints Boulevard, Barcelona', '!BlackencessManesoft', '-225045962307082445', '3922822601719605'),
(10723, 'Kyle Johansen', 'k.johansen@ya.ru', '+79711374066', '163, Interstate 45, Barnaul', 'Mof7999ferlistLaurenic', '4651064701577347961', '0852770760001364'),
(10724, 'Gwendolyn Melnyk', 'g.melnyk@yahoo.com', '+72063006144', '152, Dix Road, Athens', 'ChronicleupLarkatel(⁎˃ᆺ˂)', '3949923013349651646', '4057828806236328'),
(10725, 'Ellis Boyko', 'e.boyko@yandex.ru', '+74272296743', '267, Grove Street, Novosibirsk', 'MessageSosaLouislogi', '-3272708399529092469', '8832124159699108'),
(10726, 'Carina Johansen', 'c.johansen@yandex.ru', '+75827277903', '155, Dix Road, London', 'BeastargiumGoWeblogTins', '-6951659657672575691', '9275261244725564'),
(10729, 'Jarred Russo', 'j.russo@yahoo.com', '+72630896427', '172, San Fierro Scenic Road, Dublin', 'Bio8949logiInikrine', '-1630132370495681491', '4249942292878857'),
(10730, 'Anne Larsen', 'a.larsen@rambler.ru', '+74896968594', '172, Broadway, Osaka', 'AortamiEnjoyerie', '-1879636309490639643', '0881794672135542'),
(10732, 'Frieda Russo', 'f.russo@inbox.com', '+72325751750', '41, Julius Thruway, Berlin', 'CrossoriaGambitrice', '2387821576317025113', '6181138666025250'),
(10733, 'Gwendolyn Shevchenko', 'g.shevchenko@ya.ru', '+72669278281', '273, Fifth Avenue, Rome', 'BillSe6915lfConspiracy', '-4971968526684295708', '7723140307753743'),
(10734, 'Ellis Bauer', 'e.bauer@yandex.ru', '+72300429985', '210, Grove Street, Yekaterinburg', 'BroadwayAngelicLetterIffy', '870838354863956403', '8422047993029844'),
(10735, 'Jennifer Santos', 'j.santos@gmail.com', '+77746427032', '189, Broadway, Omsk', 'BromorksCovenkle', '-2597163176107009199', '5527392515805855'),
(10736, 'Myrle Pichler', 'm.pichler@inbox.com', '+75354721006', '281, 6th Street, Saint Petersburg', 'MalthisoEzstorv', '-4008448788366640711', '0156674897597869'),
(10737, 'Irvine Larsen', 'i.larsen@mail.ru', '+78643059099', '50, Grove Street, Osaka', 'CistKlugDronusedal(ﾉ◕ヮ◕)ﾉ*:･ﾟ✧', '-5743492346324524447', '9557481219185598'),
(10738, 'Ellis Bruno', 'e.bruno@inbox.com', '+72547552747', '78, Old Venturas Strip, Kazan', 'AmgustamConspiracy', '3966004683655971542', '8811603536898655'),
(10739, 'Olive Nilsen', 'o.nilsen@rambler.ru', '+74811890604', '119, 6th Street, Bogotá', 'Aort1056amiEquentum(⁎˃ᆺ˂)', '6006469190783689731', '8248252200543907'),
(10740, 'Myrle Huber', 'm.huber@yahoo.com', '+79116360185', '266, Dix Road, Perm', 'BauerReptileKittyFamous', '18783388311706217', '2747995717728597'),
(10741, 'Jill Johansen', 'j.johansen@ya.ru', '+77361978362', '129, Broadway, Baltimore', 'ClartorgManiakNot*ice', '7171750055868442087', '9544195988228578'),
(10744, 'Gwenevere Johansen', 'g.johansen@inbox.com', '+75801277533', '35, Julius Thruway, Paris', 'PaceltheHolydatens', '-9078491570584229369', '5877796236037811'),
(10745, 'Adelina Bauer', 'a.bauer@gmail.com', '+77920389841', '275, Hasselhoff Street, Kazan', '6428NoteSumoGoWeblogTins', '6606876127408908409', '4314575770476242'),
(10746, 'Normand Andersen', 'n.andersen@inbox.com', '+77210285856', '122, Dix Road, Innopolis', 'MediumeratExtraRosesAngel', '4379538486519393196', '0101815599254575'),
(10747, 'Cindi Huber', 'c.huber@rambler.ru', '+79242667845', '207, Interstate 45, Barcelona', 'MomentechJeanUpdates', '3729056472052680361', '6975751752732202'),
(10748, 'Kyle Bruno', 'k.bruno@rambler.ru', '+75787179326', '14, San Fierro Scenic Road, Kazan', 'NoteDarkFaceInter1314iorne', '-3296532634404942311', '6327419540992689'),
(10752, 'Debi Olsen', 'd.olsen@rambler.ru', '+79722343749', '110, Dix Road, Krasnoyarsk', 'Pacelt5673heJuz?TrickyDeck', '-7264126977117606702', '9710246300173304'),
(10753, 'Adelina Johansen', 'a.johansen@yahoo.com', '+75522982010', '175, Harry Gold Parkway, Paris', 'BlondievelyLetterIffy', '8728503073232484281', '6363057051180235'),
(10754, 'Kyle Johansen', 'k.johansen@mail.ru', '+77588798182', '196, San Fierro Scenic Road, Dublin', 'BlondievelyGigglyphar', '5075591285388888768', '2692120322419236'),
(10755, 'Ellis Rossi', 'e.rossi@rambler.ru', '+71390660066', '73, San Fierro Scenic Road, Vladivostok', 'PenguingsEnjoyerie', '-458203965504078948', '4614438155802428'),
(10758, 'Normand Steiner', 'n.steiner@mail.ru', '+75356999336', '288, Old Venturas Strip, Perm', 'MediumeratDagenera', '-3430937425773839651', '4906949946087157'),
(10759, 'Olive Olsen', 'o.olsen@yandex.ru', '+72193631057', '127, Hasselhoff Street, Rome', 'ClartorgLetterIffy(҂⌣̀_⌣́)', '740739701290724427', '2783125940649733'),
(10761, 'Frieda Moser', 'f.moser@mail.ru', '+74765425426', '182, Fifth Avenue, Vladivostok', 'CistKlu!gGambitrice', '-5447624045072594471', '9421315244881341'),
(10762, 'Mike Steiner', 'm.steiner@mail.ru', '+77561884182', '144, Las Venturas Boulevard, Bogotá', 'Aort7071amiFreakeronge', '-6209022539270284249', '8359012650515406'),
(10764, 'Cecil Steiner', 'c.steiner@yahoo.com', '+78654975778', '243, 6th Street, Athens', 'Penguin>gsFunThenorn', '-206230577200265322', '5051191656633474'),
(10765, 'Fay Boyko', 'f.boyko@mail.ru', '+76201454444', '43, Grove Street, Chicago', 'NoteSumoJoyougheenrლ(ಠ_ಠლ)', '-8209555295329726843', '9890010002296929'),
(10766, 'Harold Santos', 'h.santos@yandex.ru', '+74572679274', '312, Saints Boulevard, Paris', 'MonstercaJeanUpdates', '-9166840708921431901', '2681787545264217'),
(10767, 'Cindi Santos', 'c.santos@mail.ru', '+76626720086', '259, 6th Street, Tomsk', 'Beas4991targiumDagenera(๑･`▱´･๑)', '-5130683333478076407', '8934772841667932'),
(10769, 'Eden Nilsen', 'e.nilsen@ya.ru', '+73082835103', '318, Mulholland Drive, Paris', 'MonGamerKatJillered', '17274601955065740', '2675767652097499'),
(10771, 'Jaymes Moser', 'j.moser@mail.ru', '+73670337006', '38, Old Venturas Strip, Berlin', 'BromorksKaas>ani', '-7312608317251800136', '9209853646012822'),
(10772, 'Kris Johansen', 'k.johansen@yahoo.com', '+78215535362', '197, 6th Street, Athens', 'MellowKitLaurenic', '1636142617195224978', '6551093656745658'),
(10775, 'Lena Russo', 'l.russo@yahoo.com', '+71484154714', '155, Main Street, Moscow', 'Alim9292entEzstorv', '-3133159087328476550', '2713375594178063'),
(10778, 'Normand Larsen', 'n.larsen@mail.ru', '+75216033868', '54, Old Venturas Strip, Paris', 'AortamiInebayer', '-1415349400692823806', '2936736362771942'),
(10779, 'Gretta Russo', 'g.russo@gmail.com', '+72039831204', '238, Auto Circle, Chicago', 'Chronicl9377eupDronusedal(ﾉ◕ヮ◕)ﾉ*:･ﾟ✧', '7106739125616353321', '1304484218404084'),
(10780, 'Ode Andersen', 'o.andersen@yahoo.com', '+74539546232', '94, 6th Street, Saint Petersburg', 'BinderSeeGigglyphar', '-7106042250932252033', '3334545457541756'),
(10781, 'Jarred Andersen', 'j.andersen@yandex.ru', '+71960312892', '41, Harry Gold Parkway, Innopolis', '4meandthiJoyougheenr', '8215091821030235195', '1266852198850333'),
(10782, 'Ode Pichler', 'o.pichler@inbox.com', '+74082515322', '224, Mulholland Drive, Krasnoyarsk', 'AdmiradomHelloft', '-6453945807252682294', '5637400839607432'),
(10783, 'Lena Mayer', 'l.mayer@ya.ru', '+79766765100', '21, Las Venturas Boulevard, Rome', 'MomentechLedgerAway', '9184792494606423982', '6731163676773891'),
(10786, 'Fay Hansen', 'f.hansen@ya.ru', '+76819749526', '318, Harry Gold Parkway, Kazan', 'BinderSeeLett2933erIffy', '-5933098582332622111', '0806988967489136'),
(10789, 'Lena Moser', 'l.moser@mail.ru', '+78506022553', '4, San Fierro Scenic Road, Ryazan', 'CandyWavesMonConspiracy₍₍ (ง ˙ω˙)ว ⁾⁾', '2861739997218610090', '8058130658965214'),
(10790, 'Jennifer Mayer', 'j.mayer@yahoo.com', '+75018211441', '244, 6th Street, Ankara', 'AmgustamLouislogi', '-991511449912137004', '9599674335641316'),
(10793, 'Jarred Steiner', 'j.steiner@yandex.ru', '+77763401904', '261, Interstate 45, Rome', '1710ChunkyouetJillered(⁎˃ᆺ˂)', '731877268569355705', '2563907831494805'),
(10794, 'Gilbert Nilsen', 'g.nilsen@rambler.ru', '+73899278862', '159, Broadway, Saint Petersburg', 'AirCart5535Holydatens', '-8591122076084940083', '2276633052244707'),
(10795, 'Jaymes Santos', 'j.santos@inbox.com', '+75226510634', '289, Julius Thruway, Baltimore', 'BlondievelyInebayer', '4288768986509489713', '5549677768742554'),
(10796, 'Jaymes Johansen', 'j.johansen@inbox.com', '+74909386412', '72, Interstate 45, Krasnoyarsk', 'BroadwayAngelicEzstorv(ﾉ◕ヮ◕)ﾉ*:･ﾟ✧', '-2389807727080838374', '8960297604461606'),
(10797, 'Mike Bruno', 'm.bruno@yahoo.com', '+78493695512', '157, Market Boulevard, Madrid', 'AmgustamLawFu6209n', '1155237436577003655', '8206218253647952'),
(10798, 'Ellis Santos', 'e.santos@yahoo.com', '+72795098699', '291, Harry Gold Parkway, Berlin', 'ClartorgInebayer', '-3689181119656144314', '7784215653025265'),
(10800, 'Gretta Nilsen', 'g.nilsen@yandex.ru', '+73074220544', '49, Julius Thruway, Yekaterinburg', 'AmgustamLetterIffy(⁎˃ᆺ˂)', '6890776812188025235', '9802790350318502'),
(10801, 'Ellis Larsen', 'e.larsen@mail.ru', '+73788853801', '32, Julius Thruway, Ankara', 'BeastargiumJeanUpdates', '9077644037399523820', '1660079192457520'),
(10802, 'Gretta Bauer', 'g.bauer@inbox.com', '+75567320003', '302, Las Venturas Boulevard, Rome', '4meandthiDonstestღゝ◡╹)ノ♡', '1815740832443500256', '7819963884596946'),
(10803, 'Anne Olsen', 'a.olsen@yahoo.com', '+74690686810', '200, 6th Street, Madrid', 'ChunkyouetManesoft', '6611503732712068571', '1287620522419934'),
(10804, 'Myrle Boyko', 'm.boyko@yandex.ru', '+71128682988', '68, Dix Road, Ankara', 'Clartorg2333Laurenic(๑･`▱´･๑)', '-1271606657353550109', '5607378518195875'),
(10805, 'Gwenevere Larsen', 'g.larsen@yahoo.com', '+72933869096', '46, Las Venturas Boulevard, London', 'PenguingsFunT380henorn', '1666537224981647364', '9365860671980057'),
(10806, 'Anne Rossi', 'a.rossi@mail.ru', '+79677570813', '138, Interstate 45, Vladivostok', 'AlimentJoyougheenr', '3335855739591103071', '4437922413445044'),
(10808, 'Catherine Bruno', 'c.bruno@yandex.ru', '+71005083953', '79, Old Venturas Strip, Athens', 'CistKlugConspi$racy', '-5950933338162025649', '4836048366933759'),
(10809, 'Fay Hansen', 'f.hansen@gmail.com', '+74702972343', '186, Old Venturas Strip, Osaka', 'BroadwayAngelicManiakNotice', '-6598861493051041248', '4071207678235680'),
(10810, 'Normand Boyko', 'n.boyko@mail.ru', '+78597032726', '24, 6th Street, Rome', 'AdmiradomE5868xtraRosesAngel', '-5597253666223073980', '5759562435255864'),
(10811, 'Carina Olsen', 'c.olsen@yandex.ru', '+72737417393', '177, Harry Gold Parkway, Athens', 'AlimentGreyeprico5536', '-8741423473926939810', '6353313356428428'),
(10812, 'Kris Gruber', 'k.gruber@inbox.com', '+74322287744', '221, Market Boulevard, Yekaterinburg', 'BlackencessGigglyphar', '-1023374573969775779', '6189151472947621'),
(10813, 'Myrle Bruno', 'm.bruno@inbox.com', '+71601027264', '219, Market Boulevard, Ryazan', 'AmgustamHelloft', '1148399519380424787', '4930569430758837'),
(10815, 'Gilbert Boyko', 'g.boyko@mail.ru', '+74163007934', '195, 6th Street, Baltimore', 'ChellGazetteCovenkle', '-2317765818588309709', '0506645070116836'),
(10817, 'Cecil Larsen', 'c.larsen@mail.ru', '+75843366151', '135, Mulholland Drive, Saint Petersburg', 'Can!dyWavesMonGambitrice', '-5996308691539118866', '4108971976800124'),
(10820, 'Damon Johansen', 'd.johansen@mail.ru', '+78438942597', '36, Broadway, Tomsk', 'ChellGazetteEquentum(ﾉ◕ヮ◕)ﾉ*:･ﾟ✧', '4294363661152556531', '5042283588579361'),
(10822, 'Berry Santos', 'b.santos@rambler.ru', '+73133426664', '120, Harry Gold Parkway, Barnaul', 'ClartorgKaasani', '6603409253032641320', '5474036155937967'),
(10824, 'Myrle Bauer', 'm.bauer@yandex.ru', '+71942994744', '202, Old Venturas Strip, Yekaterinburg', 'NyctankviewEquentum', '-4845621356068928322', '0511874242993524'),
(10826, 'Eveline Nilsen', 'e.nilsen@yandex.ru', '+78133438953', '105, Main Street, Dublin', 'AlertstericInikrine', '-1540239490772818559', '5191512887411922'),
(10828, 'Fay Moser', 'f.moser@inbox.com', '+76661304217', '118, Las Venturas Boulevard, Baltimore', 'ContentecutManesoft?(=ↀωↀ=)', '3527438305806832365', '7284573923376572'),
(10830, 'Debi Johansen', 'd.johansen@ya.ru', '+78527404139', '165, Harry Gold Parkway, Yekaterinburg', 'Com?iconesJuzTrickyDeck', '8917289090788726020', '7619750891674451'),
(10831, 'Harold Larsen', 'h.larsen@ya.ru', '+73320756520', '183, Interstate 45, Perm', 'BinderSeeManiakNotice', '-3201355579453138220', '4416356724426451'),
(10832, 'Irvine Johansen', 'i.johansen@ya.ru', '+77836392088', '286, Harry Gold Parkway, Bogotá', 'Nyctankview4584Freakeronge(๑•́ ω •̀๑)', '-3168180077602116071', '5147927452038183'),
(10833, 'Barret Boyko', 'b.boyko@rambler.ru', '+76611183417', '53, Julius Thruway, Rome', 'BillSelfF5571unThenorn', '3661833038873000391', '8816317517286459'),
(10837, 'Carina Bruno', 'c.bruno@ya.ru', '+72542722364', '95, Harry Gold Parkway, Rome', 'N9438yctankviewKittyFamous彡ﾟ◉ω◉ )つー☆*', '-7087725949467162884', '3154458080684561'),
(10838, 'Cecil Gruber', 'c.gruber@yahoo.com', '+76866920924', '134, Dix Road, Innopolis', 'AortamiLe?tterIffy', '1447462473229351417', '1160163917862593'),
(10840, 'Debi Rossi', 'd.rossi@gmail.com', '+75553538678', '271, Harry Gold Parkway, Innopolis', 'AmgustamLaurenic', '1657756301995566118', '4445147872708526'),
(10841, 'Irvine Rossi', 'i.rossi@inbox.com', '+74385445621', '133, Harry Gold Parkway, Bogotá', 'AirCartDronusedal', '272623277380136543', '5525010427190553'),
(10842, 'Cecil Russo', 'c.russo@inbox.com', '+79183258684', '107, Dix Road, Ankara', 'NyctankviewExtraRosesAngel', '-2751747871177849720', '5834436488718569'),
(10845, 'Eveline Olsen', 'e.olsen@gmail.com', '+72556699229', '310, Main Street, Chicago', 'MellowKitDag9198enera', '6959390649309846684', '6668690688844217'),
(10849, 'Frieda Andersen', 'f.andersen@gmail.com', '+74373291133', '190, Market Boulevard, Madrid', 'Bromork8064sGigglyphar', '-8841509423446936536', '1577869918223586'),
(10850, 'Myrle Silva', 'm.silva@gmail.com', '+75100439780', '141, Interstate 45, Omsk', 'Moment!echFunThenorn', '3365167596588375791', '3927648396381780'),
(10851, 'Gwenevere Johansen', 'g.johansen@mail.ru', '+78971737255', '138, San Fierro Scenic Road, Perm', 'BlackencessJoyougheenr', '-7540432634539144756', '1175909396003776'),
(10853, 'Ode Russo', 'o.russo@ya.ru', '+79157286367', '188, Fifth Avenue, Barnaul', 'BlackencessLaurenic', '-6834388664659543604', '2934037406460415'),
(10854, 'Damon Russo', 'd.russo@inbox.com', '+71968948014', '298, Market Boulevard, Helsinki', 'CandyWavesMonKaasani', '449817691654529353', '4714255008991932'),
(10855, 'Kris Melnyk', 'k.melnyk@yahoo.com', '+76178512615', '267, Dix Road, Chicago', 'AirCartFunThen$orn', '773487733573343062', '2242242475535544'),
(10857, 'Damon Santos', 'd.santos@inbox.com', '+72479288680', '71, Las Venturas Boulevard, Kazan', 'Clart$orgDo4017nstest(ﾉ◕ヮ◕)ﾉ*:･ﾟ✧', '-1524417729758114300', '2862669798336699'),
(10858, 'Frieda Melnyk', 'f.melnyk@yandex.ru', '+76473644253', '176, Fifth Avenue, Ryazan', 'C935lartorgLaurenic', '8401162583153896211', '1058993716608885'),
(10859, 'Gilbert Gruber', 'g.gruber@ya.ru', '+74297423840', '232, Grove Street, Vladivostok', '4meandt8644hiGoWeblogTins', '7197488880435869774', '5394814545192995'),
(10861, 'Damon Huber', 'd.huber@ya.ru', '+71232166501', '103, Fifth Avenue, Baltimore', 'CakenteliaGreyeprico', '8392936471397623177', '4610982980749558'),
(10864, 'Kyle Steiner', 'k.steiner@gmail.com', '+73771300668', '126, Saints Boulevard, Barnaul', 'MessageSosaExtraRosesAngelღゝ◡╹)ノ♡', '-6061881616168288277', '4322502711327091'),
(10867, 'Eveline Andersen', 'e.andersen@ya.ru', '+74619219145', '102, Dix Road, Rome', 'NoteDarkFaceJeanUpdates', '-1939080554103746029', '7242728072372953'),
(10869, 'Frieda Gruber', 'f.gruber@yahoo.com', '+75945053828', '3, San Fierro Scenic Road, Innopolis', 'ChellGaze&tteManesoft', '7018061468143268703', '9598735485535822'),
(10871, 'Irvine Larsen', 'i.larsen@inbox.com', '+74168378588', '79, Interstate 45, London', 'Pitype4817llGambitrice', '5043051240598526607', '5634099497201817'),
(10872, 'Fay Wagner', 'f.wagner@inbox.com', '+73930301389', '105, Dix Road, Krasnoyarsk', 'MediumeratCo3306nspiracy', '5069188031075353856', '9412900152984130'),
(10873, 'Lily Gruber', 'l.gruber@rambler.ru', '+75108050303', '228, Harry Gold Parkway, Baltimore', '>NyctankviewHolydatens', '-6510813406582170774', '0153400633585670'),
(10876, 'Kris Shevchenko', 'k.shevchenko@yahoo.com', '+71390049687', '116, Fifth Avenue, Tomsk', 'Broadwa1940yAngel?icEquentum', '-8212019465448904159', '6677201184830743'),
(10877, 'Fay Santos', 'f.santos@ya.ru', '+74629529168', '223, Fifth Avenue, Barcelona', 'AirCart8578KittyFamous', '3536789294045379145', '8752739883710957'),
(10878, 'Lily Johansen', 'l.johansen@rambler.ru', '+78272245805', '84, Broadway, Dublin', 'CrossoriaEnjoyerie', '666761661131951190', '9384460567899737'),
(10879, 'Adelina Boyko', 'a.boyko@rambler.ru', '+73758364181', '296, Grove Street, Novosibirsk', 'MonGamerKatLetterIffy', '-267428359611422263', '2239102389852003'),
(10882, 'Damon Huber', 'd.huber@mail.ru', '+77603420522', '156, Saints Boulevard, Tomsk', 'Cros*soriaCovenkle', '-5873599905785411930', '2511251554342996'),
(10883, 'Cecil Johansen', 'c.johansen@inbox.com', '+73580677589', '129, Main Street, Baltimore', 'AortamiFreakeronge2442', '8837499340527292333', '4641577251202396'),
(10885, 'Harold Boyko', 'h.boyko@rambler.ru', '+74168843945', '165, Interstate 45, Athens', 'Cake8165nteliaGigglyphar', '2417276645148340036', '5272369221526782'),
(10887, 'Gwendolyn Shevchenko', 'g.shevchenko@mail.ru', '+76286052128', '178, Dix Road, Vladivostok', 'Biolog5927iDagenera', '764410711410888938', '0599724153855453'),
(10888, 'Berry Bruno', 'b.bruno@ya.ru', '+71998938627', '76, Fifth Avenue, Tomsk', 'AlertstericLaurenic', '-8086414206612877051', '0388371545511735'),
(10889, 'Berry Rossi', 'b.rossi@gmail.com', '+77005407783', '33, Auto Circle, Ryazan', 'MessageSosaLawFun', '8836482960385296299', '6340819309281193'),
(10891, 'Berry Shevchenko', 'b.shevchenko@yahoo.com', '+74848362639', '209, Dix Road, Berlin', 'B4098romorksInterior<ne', '-1253340218107949881', '8434963186664289'),
(10892, 'Normand Silva', 'n.silva@yahoo.com', '+72152459172', '42, Saints Boulevard, Kazan', 'Broad/wayAngelicManiakNotice', '-6428274614786451803', '9179098029534594'),
(10896, 'Frieda Shevchenko', 'f.shevchenko@inbox.com', '+74734184505', '57, Market Boulevard, Tomsk', 'NoteDarkFaceDronusedalლ(ಠ_ಠლ)', '-967492833481161260', '1576393102190808'),
(10897, 'Jennifer Russo', 'j.russo@yandex.ru', '+79285781558', '126, Julius Thruway, Madrid', 'ChronicleupJillered', '-7700143652026898980', '6640548626577797'),
(10899, 'Eveline Nilsen', 'e.nilsen@rambler.ru', '+79423263878', '314, Julius Thruway, Perm', 'MessageSosaGoWeblogTins', '8559891803677233299', '9819456842407665'),
(10900, 'Barret Mayer', 'b.mayer@yandex.ru', '+74415287905', '23, 6th Street, Perm', 'AlertstericLedgerA8876way', '2067270663949400134', '8901781804730908'),
(10902, 'Debi Hansen', 'd.hansen@rambler.ru', '+78470116236', '144, Dix Road, Omsk', 'MessageSosaConspiracy(҂⌣̀_⌣́)', '-1213272269971258516', '5026286053206880'),
(10903, 'Normand Huber', 'n.huber@yandex.ru', '+73203148006', '210, Mulholland Drive, Osaka', 'Not809eDarkFaceDonstest', '-2527589306225896426', '8187666690353852'),
(10904, 'Damon Moser', 'd.moser@yahoo.com', '+71349008686', '191, Old Venturas Strip, Novosibirsk', 'NyctankviewHelloft', '6477139135096947166', '2457615224729582'),
(10907, 'Eveline Shevchenko', 'e.shevchenko@yahoo.com', '+72307820469', '47, Interstate 45, Barnaul', 'BillSelfMan7724esoft', '-8695178612181901204', '0062946297744105'),
(10908, 'Rubye Bauer', 'r.bauer@yahoo.com', '+78081117482', '239, Saints Boulevard, Baltimore', 'CistKlugEnjoyeri+e', '879460955912986736', '9949368837353799'),
(10909, 'Jennifer Shevchenko', 'j.shevchenko@rambler.ru', '+71676724693', '97, Old Venturas Strip, Krasnoyarsk', 'Pacelthe930FunThenorn', '5095905644200969816', '2506672190721318'),
(10910, 'Gwenevere Olsen', 'g.olsen@ya.ru', '+77969447846', '150, Dix Road, Vladivostok', 'BromorksDagenera', '-6001267856261439948', '9718485244297947'),
(10912, 'Jennifer Mayer', 'j.mayer@rambler.ru', '+77597474373', '307, Las Venturas Boulevard, Omsk', 'BroadwayAngelicLedgerAwa2487y', '7746324030925677831', '4016370074968773'),
(10914, 'Cindi Hansen', 'c.hansen@yandex.ru', '+78860245302', '243, Old Venturas Strip, Barnaul', 'AlimentJeanUpdates(♥ω♥*)', '7963538798248507921', '6608454560711129'),
(10915, 'Normand Steiner', 'n.steiner@rambler.ru', '+72541981956', '17, Harry Gold Parkway, Innopolis', 'BlondievelyLaurenicღゝ◡╹)ノ♡', '4201711455367037010', '6749953740213046'),
(10916, 'Debi Moser', 'd.moser@ya.ru', '+76275450304', '2, San Fierro Scenic Road, Rome', 'AmgustamKittyFamous', '2884712396463949465', '9324147276142581'),
(10917, 'Berry Gruber', 'b.gruber@yahoo.com', '+77090407876', '308, San Fierro Scenic Road, Novosibirsk', 'BroadwayAngelicFunThenorn', '-5243899306008912673', '7190726742016418'),
(10919, 'Lena Moser', 'l.moser@rambler.ru', '+78357272283', '29, Market Boulevard, Dublin', 'BinderSee6474Lette-rIffy', '8357163011606528277', '9013736802890559'),
(10922, 'Cindi Andersen', 'c.andersen@inbox.com', '+75795141174', '171, Fifth Avenue, Athens', 'BiologiGreyeprico', '-6959244376906105518', '0146769053535151'),
(10926, 'Gilbert Andersen', 'g.andersen@mail.ru', '+79325198481', '9, Broadway, Omsk', 'ChronicleupHolydatens', '-8304442031778218105', '7219733864392017'),
(10927, 'Eden Boyko', 'e.boyko@gmail.com', '+76783003783', '32, Old Venturas Strip, Moscow', 'AortamiHolydatens', '-3711766846782068696', '7483785966098770'),
(10928, 'Gwenevere Andersen', 'g.andersen@yandex.ru', '+71627453645', '207, Fifth Avenue, Vladivostok', 'MellowKitFreakeronge', '-3770777479214821228', '2707319812867823'),
(10931, 'Irvine Mayer', 'i.mayer@gmail.com', '+71596491308', '63, Julius Thruway, Chicago', 'BiologiJillered', '-3549089563160190793', '2684518465213413'),
(10933, 'Cecil Bauer', 'c.bauer@ya.ru', '+74133115934', '267, Grove Street, Vladivostok', 'AlimentKaasani', '5067152360351430005', '9597172779893880'),
(10934, 'Catherine Silva', 'c.silva@inbox.com', '+78390674882', '29, Interstate 45, Madrid', 'PaceltheEquentum', '7286188123104246458', '3499283008615999'),
(10937, 'Myrle Moser', 'm.moser@mail.ru', '+71638518701', '295, Auto Circle, Baltimore', 'BromorksInebay9315er', '-6583273470191342124', '4504521081924655'),
(10939, 'Jaymes Johansen', 'j.johansen@yandex.ru', '+73512303010', '283, Mulholland Drive, Saint Petersburg', 'CistKlugEnj7564oyerie', '-2431605424603233706', '7901500647788606'),
(10941, 'Cecil Silva', 'c.silva@gmail.com', '+76712975662', '250, Market Boulevard, Paris', 'MessageSosaLaurenic', '-4201310098199763514', '2081266199346283'),
(10944, 'Anne Johansen', 'a.johansen@gmail.com', '+76671344667', '115, Mulholland Drive, Tomsk', 'CandyWavesMonGreyeprico', '3642199460116047542', '6111446776674758'),
(10946, 'Adelina Olsen', 'a.olsen@rambler.ru', '+72850878963', '281, Fifth Avenue, Barnaul', '4meandthiInikrine', '-6471253706947060858', '4202292115939383'),
(10947, 'Aleesha Santos', 'a.santos@mail.ru', '+76749004968', '114, San Fierro Scenic Road, Chicago', 'ChellGazetteF3623unThenorn', '-4809471878305643317', '5430825945415542'),
(10948, 'Harold Silva', 'h.silva@ya.ru', '+79376537521', '213, Grove Street, Paris', 'A4397lertstericLetterIffy', '-332976112598191015', '4714114432590728'),
(10949, 'Jarred Wagner', 'j.wagner@mail.ru', '+79377690693', '304, San Fierro Scenic Road, Athens', 'BinderSeeHolydatens', '-8053216463347022215', '9193667224819913'),
(10951, 'Fay Nilsen', 'f.nilsen@inbox.com', '+76664081267', '268, Auto Circle, Madrid', 'NoteSumoInebayer', '-1088874753156190762', '1217440145696182'),
(10953, 'Debi Wagner', 'd.wagner@ya.ru', '+72756495062', '157, Fifth Avenue, Tomsk', 'CakenteliaJungRacing(=ↀωↀ=)', '-2878875430403655203', '4939857141552934'),
(10956, 'Cindi Moser', 'c.moser@yahoo.com', '+77894742061', '68, Interstate 45, Saint Petersburg', 'MonGamerKatInikrine', '4372642000492779641', '8607808283938422'),
(10957, 'Fay Hansen', 'f.hansen@rambler.ru', '+75204061396', '133, Interstate 45, Dublin', 'Penguings?Holydatens', '-3704123924936475776', '4650480789206550'),
(10958, 'Adelina Rossi', 'a.rossi@inbox.com', '+71418081250', '76, Dix Road, Athens', 'BillSelfI825nteriorne', '-2300767619448519399', '0600286145572075'),
(10960, 'Fay Olsen', 'f.olsen@mail.ru', '+71868412981', '201, Fifth Avenue, Paris', 'BauerReptileLawFun', '-4018583229835544212', '2372656961468536'),
(10962, 'Fay Melnyk', 'f.melnyk@rambler.ru', '+79914436446', '58, Saints Boulevard, Rome', 'CandyWavesMonMane3299soft', '-962850518517171239', '2189034719959246'),
(10963, 'Lily Huber', 'l.huber@mail.ru', '+73831650085', '284, 6th Street, Omsk', 'PenguingsDonstest', '-5222202399513374084', '4272449118333135'),
(10964, 'Fay Mayer', 'f.mayer@gmail.com', '+75653639276', '260, Broadway, Paris', 'MessageSosaCove7370nkle', '3273123034607272226', '1543963719668649'),
(10966, 'Kyle Rossi', 'k.rossi@inbox.com', '+78479615909', '115, Old Venturas Strip, London', 'BlondievelyKaasani<', '-3489781590327435758', '9228370848730610'),
(10968, 'Gilbert Melnyk', 'g.melnyk@inbox.com', '+79630451151', '52, Saints Boulevard, Osaka', 'AlimentDonstest', '-6889894083150199079', '8874805474822070'),
(10971, 'Lily Rossi', 'l.rossi@yandex.ru', '+77281934267', '168, Mulholland Drive, Krasnoyarsk', 'Aler5892tstericDagenera', '3777224106190548303', '4931263893701303'),
(10972, 'Mike Olsen', 'm.olsen@gmail.com', '+78871043555', '316, San Fierro Scenic Road, Tomsk', 'BillSelfLawFun', '5033207781044173090', '8792729856008472'),
(10975, 'Jarred Larsen', 'j.larsen@rambler.ru', '+73998164519', '203, Market Boulevard, Rome', 'Mo!mentechJeanUpdates(ㅇㅅㅇ❀)', '-414684341953840745', '9755565162390978'),
(10977, 'Alisha Gruber', 'a.gruber@gmail.com', '+74824246214', '123, 6th Street, Moscow', 'MonGamerKatFreakeronge', '8596581793903020683', '1991320416159019'),
(10978, 'Normand Boyko', 'n.boyko@yandex.ru', '+72009425240', '265, 6th Street, Baltimore', 'NyctankviewManiakNotice', '2511830196676913007', '1109287301523312'),
(10982, 'Mike Santos', 'm.santos@inbox.com', '+73798404918', '105, San Fierro Scenic Road, Helsinki', 'CrossoriaCovenkle', '-4431097661365448864', '5983671414631485'),
(10983, 'Kris Hansen', 'k.hansen@inbox.com', '+74779138537', '252, Hasselhoff Street, Innopolis', 'BlackencessInikrine', '-1664239421846961598', '4007229921337656'),
(10984, 'Cecil Nilsen', 'c.nilsen@yandex.ru', '+77330777313', '70, Harry Gold Parkway, Baltimore', 'Cla8154rtorgManiakNotice', '8300770307642173328', '4519769631696768'),
(10985, 'Gilbert Moser', 'g.moser@gmail.com', '+72245431487', '25, Las Venturas Boulevard, Athens', 'M7671offerlistHolydatens', '380241308760964440', '8746352524194574'),
(10986, 'Eden Johansen', 'e.johansen@mail.ru', '+73291860636', '317, Old Venturas Strip, London', 'MomentechGambitrice', '-2064105179783263041', '0566069234232865'),
(10987, 'Harold Johansen', 'h.johansen@yandex.ru', '+77886219623', '119, Julius Thruway, Barnaul', 'AirCartGoWeblogTi3223ns', '-1986337914049825911', '4807969989348598'),
(10988, 'Gwenevere Rossi', 'g.rossi@gmail.com', '+75817527132', '111, Dix Road, Perm', 'BiologiGreyepr&ico', '-4006890971093137510', '8840885639667546'),
(10990, 'Lily Bauer', 'l.bauer@gmail.com', '+74102989792', '196, Mulholland Drive, Novosibirsk', 'Pengu>ingsEquentum(●///▽///●)', '-2495146134167391670', '6071370640115894'),
(10991, 'Gilbert Steiner', 'g.steiner@rambler.ru', '+73615415408', '110, Broadway, Chicago', 'ContentecutLaurenic', '3586780872893218252', '7754698687489210'),
(10994, 'Ellis Pichler', 'e.pichler@inbox.com', '+71503778970', '179, Dix Road, Vladivostok', 'BillSelfJeanUpdates', '-5238528665313679288', '8327958466360253'),
(10995, 'Gretta Silva', 'g.silva@mail.ru', '+72502920836', '82, San Fierro Scenic Road, Moscow', 'ChronicleupInebayer(♥ω♥*)', '-6493171288046589100', '5111843705009115'),
(11002, 'Kyle Pichler', 'k.pichler@rambler.ru', '+77991774253', '4, 6th Street, Chicago', 'AortamiInikrine-', '-2498495961325244719', '6063117924292777'),
(11004, 'Gwenevere Santos', 'g.santos@ya.ru', '+79558867024', '313, Dix Road, Barnaul', 'BillSelfHolydatens', '-8120492066940040121', '8791527224514798'),
(11009, 'Gilbert Nilsen', 'g.nilsen@inbox.com', '+79051378938', '8, Saints Boulevard, Barcelona', 'Conten4966tecutGambitrice(●///▽///●)', '152241975664877221', '4007089322742297'),
(11010, 'Rubye Nilsen', 'r.nilsen@ya.ru', '+77481889535', '143, Hasselhoff Street, Chicago', 'MofferlistConspiracy₍₍ (ง ˙ω˙)ว ⁾⁾', '-2581112851188075173', '6876355426625235'),
(11015, 'Carina Gruber', 'c.gruber@ya.ru', '+73296882796', '51, Interstate 45, Ankara', 'MofferlistFr9569e|akeronge', '-5987102159667239796', '9948117944552861'),
(11016, 'Jennifer Moser', 'j.moser@yandex.ru', '+72985769319', '22, Broadway, Vladivostok', 'MellowKitInteriorne(=ↀωↀ=)', '6680182348029934676', '0900736542176624'),
(11018, 'Olive Wagner', 'o.wagner@gmail.com', '+75370181027', '21, Hasselhoff Street, Chicago', 'MomentechHelloft', '458179831291138447', '4292369324855023'),
(11019, 'Irvine Bauer', 'i.bauer@yandex.ru', '+76670131306', '125, Interstate 45, Kazan', 'ComiconesManiakNotice', '-245302431476958735', '0104622250366869'),
(11021, 'Eden Olsen', 'e.olsen@rambler.ru', '+75437802903', '89, Broadway, Barcelona', 'Mellow1918KitGambitrice', '-5626044011997035879', '3529104984355743'),
(11022, 'Kris Andersen', 'k.andersen@ya.ru', '+73617353697', '233, Hasselhoff Street, Tomsk', 'CandyW&avesMonHolydatens', '-5344216004032139639', '6033728908416721'),
(11024, 'Jarred Johansen', 'j.johansen@rambler.ru', '+72121241242', '241, San Fierro Scenic Road, Innopolis', 'AlertstericLawF$un', '5351030315887472196', '9030993097005199'),
(11025, 'Olive Moser', 'o.moser@yandex.ru', '+75653904722', '161, Interstate 45, London', 'ChunkyouetExtraRosesAngel', '3881281469372522578', '6913854713071033'),
(11026, 'Ellis Silva', 'e.silva@yandex.ru', '+72847810133', '65, Broadway, Berlin', 'AmgustamGoWeblogTins', '4411097411506009210', '4703526577100325'),
(11028, 'Harold Hansen', 'h.hansen@inbox.com', '+74358770063', '243, Main Street, Yekaterinburg', 'Comi&conesLarkatel', '5886507600992403787', '1937408487643941'),
(11029, 'Olive Boyko', 'o.boyko@rambler.ru', '+77697084121', '143, Hasselhoff Street, Novosibirsk', 'ClartorgLaurenic', '4325155758792181456', '8059830282548381'),
(11031, 'Jaymes Hansen', 'j.hansen@gmail.com', '+75770976116', '54, Las Venturas Boulevard, Ryazan', 'ChellGazetteGambitrice', '-3581715039629438180', '8981591961704990'),
(11033, 'Damon Santos', 'd.santos@yandex.ru', '+78849699468', '43, Julius Thruway, London', 'Me$llowKitLou5861islogi', '-5767011660249653893', '0469238995532880'),
(11034, 'Eveline Bruno', 'e.bruno@mail.ru', '+72547007263', '282, Dix Road, London', 'CistKlugConspiracy', '455087852168557918', '5553384538084789'),
(11037, 'Gilbert Boyko', 'g.boyko@yahoo.com', '+74660430398', '245, Old Venturas Strip, Barnaul', 'ComiconesLarkatel', '-2638135331167228398', '2964995863759133'),
(11038, 'Harold Rossi', 'h.rossi@ya.ru', '+74181946936', '234, Mulholland Drive, Saint Petersburg', 'BillSel3264fGigglyphar', '-7781070406632606730', '2640006455021857'),
(11041, 'Jaymes Bruno', 'j.bruno@inbox.com', '+76689635617', '69, Fifth Avenue, Paris', 'AortamiMane_so4145ft', '8974056608738279103', '5989204770706665'),
(11043, 'Cindi Olsen', 'c.olsen@rambler.ru', '+79033763916', '193, Auto Circle, Chicago', 'CorpholeGoofyrellak', '-1469979606572446479', '8843224054887343'),
(11044, 'Gwenevere Santos', 'g.santos@yandex.ru', '+71363711420', '286, Auto Circle, Krasnoyarsk', 'ChellGazetteHolydatens', '-2507652698137097425', '0601424299355019'),
(11046, 'Alexia Melnyk', 'a.melnyk@ya.ru', '+74074833106', '139, Grove Street, Osaka', 'BlackencessInteriorne', '-8256453019030709324', '7462286003091680'),
(11050, 'Harold Santos', 'h.santos@gmail.com', '+75146094639', '277, Market Boulevard, Omsk', 'BiologiHelloft|', '8029725071623757508', '9953429107749429'),
(11055, 'Alisha Melnyk', 'a.melnyk@yandex.ru', '+75483433214', '90, 6th Street, Chicago', 'MediumeratExtraRosesAngel4821Ꮚ^ꈊ^Ꮚ', '-1023015007409809269', '2196919810851918'),
(11056, 'Damon Santos', 'd.santos@ya.ru', '+72247012659', '304, Broadway, Athens', 'MellowKitJungRacing', '544979770278803304', '6689697549304398'),
(11058, 'Rubye Russo', 'r.russo@mail.ru', '+72973501085', '242, Julius Thruway, Helsinki', 'Mes2401sageSosa-Goofyrellak', '2448031237625956408', '0525317943442186'),
(11060, 'Gilbert Olsen', 'g.olsen@yandex.ru', '+73779961976', '183, Fifth Avenue, Chicago', 'AirCartJoyougheenr', '4543859652985078682', '7871468907089373'),
(11061, 'Lily Shevchenko', 'l.shevchenko@ya.ru', '+78149977868', '279, San Fierro Scenic Road, Dublin', 'ClartorgGoofyrella5826k', '6674123656024669821', '8555262520710280'),
(11062, 'Gretta Huber', 'g.huber@rambler.ru', '+73917559624', '47, Main Street, London', 'PitypellEzstorv', '8121956172935844029', '2027029119378130'),
(11064, 'Kris Moser', 'k.moser@mail.ru', '+79745700046', '225, Saints Boulevard, Novosibirsk', 'MalthisoDronusedal', '4089411129209824790', '8631463627174679'),
(11065, 'Harold Boyko', 'h.boyko@mail.ru', '+72867740140', '35, Harry Gold Parkway, Krasnoyarsk', 'BillSe*lfJungRacing', '2592725502661216196', '1058153018607520'),
(11066, 'Fay Moser', 'f.moser@ya.ru', '+75216136338', '258, Saints Boulevard, Saint Petersburg', 'BauerReptileGoWeblogTins', '7943669205437926407', '0752941744205860'),
(11068, 'Kyle Hansen', 'k.hansen@ya.ru', '+79725115230', '232, Broadway, Barnaul', 'N1953yctankviewGoWeblogTins(^･ｪ･^)', '969373645131016567', '5916201564954430'),
(11069, 'Gilbert Silva', 'g.silva@gmail.com', '+74602702148', '157, Broadway, Barcelona', 'Com8126icon+esGoofyrellak', '-381186682592615089', '6697783890265005'),
(11072, 'Normand Wagner', 'n.wagner@mail.ru', '+74079525409', '310, Auto Circle, Krasnoyarsk', 'CakenteliaManiak|Notice', '6307511554719019606', '1420496761233751'),
(11075, 'Catherine Bauer', 'c.bauer@rambler.ru', '+72729474393', '77, Fifth Avenue, Baltimore', 'BeastargiumJille$red', '4918167002819187699', '9786134540753764'),
(11079, 'Gwendolyn Russo', 'g.russo@inbox.com', '+73512795492', '15, Julius Thruway, Krasnoyarsk', 'MediumeratMani4540akNotice', '1701582685490043761', '5632646542995752'),
(11082, 'Jill Silva', 'j.silva@yandex.ru', '+78002598845', '115, Old Venturas Strip, Krasnoyarsk', '4meandthiEnjoyerie', '4140287161966926187', '5792464577149477'),
(11083, 'Frieda Melnyk', 'f.melnyk@ya.ru', '+74233984026', '201, Saints Boulevard, Osaka', '7674MessageSosaLouisl/ogi', '-6892572721679639323', '3289154171455414'),
(11084, 'Adelina Huber', 'a.huber@rambler.ru', '+74443165503', '181, Hasselhoff Street, Helsinki', 'MonstercaManiakNot23ice', '-9122144547050700552', '9488820410914855'),
(11085, 'Barret Steiner', 'b.steiner@inbox.com', '+72599567464', '206, Old Venturas Strip, Barnaul', 'MalthisoCovenkle', '-4087079168922885447', '2545072743478348'),
(11086, 'Barret Andersen', 'b.andersen@rambler.ru', '+75874521118', '34, Auto Circle, Paris', 'CrossoriaGigglyphar', '-7021015397375762331', '9913309742323100'),
(11088, 'Kyle Silva', 'k.silva@gmail.com', '+72414377444', '72, Harry Gold Parkway, Helsinki', 'AortamiConspiracy', '4494465029247562567', '2554135346538025'),
(11090, 'Berry Larsen', 'b.larsen@yahoo.com', '+74445962076', '245, Auto Circle, Barcelona', 'BillSelfCovenkle', '1866019744070130863', '0263147200242394'),
(11091, 'Carina Russo', 'c.russo@gmail.com', '+75632917732', '13, Main Street, Krasnoyarsk', 'Pitypell$HelloftᏊ^ꈊ^Ꮚ', '-4415231712987747494', '2400521391156088'),
(11092, 'Harold Larsen', 'h.larsen@gmail.com', '+72604857391', '193, Main Street, Moscow', 'ClartorgLouislogi', '1991725627394517275', '4283399354895943'),
(11093, 'Aleesha Silva', 'a.silva@rambler.ru', '+74846019650', '173, Old Venturas Strip, Dublin', 'ChunkyouetLawFun', '6435254430939072557', '7103917111093706'),
(11095, 'Ode Moser', 'o.moser@inbox.com', '+78872513034', '11, Hasselhoff Street, Berlin', 'PitypellLaurenic', '7311298935701992024', '8211655924002584'),
(11098, 'Ode Andersen', 'o.andersen@mail.ru', '+72042847374', '186, Market Boulevard, Novosibirsk', 'AlertstericLetterIffy', '-470641170814778969', '9733239121139574'),
(11099, 'Normand Bruno', 'n.bruno@yandex.ru', '+72104295480', '288, Interstate 45, Ryazan', 'CorpholeLedge3708rAway', '656836231847931882', '0589991668232205'),
(11101, 'Kyle Bruno', 'k.bruno@gmail.com', '+75765502819', '233, Saints Boulevard, Baltimore', 'C7041akenteliaM_anesoft', '2908282953033940441', '5116274694346768'),
(11102, 'Alexia Russo', 'a.russo@mail.ru', '+72208147283', '239, Julius Thruway, Madrid', 'Blondievely&Laurenic', '4100968177366355021', '6618419581614165'),
(11105, 'Damon Gruber', 'd.gruber@gmail.com', '+76728175632', '181, San Fierro Scenic Road, Athens', '?MediumeratDagenera', '7543100624841324059', '1708430939339460'),
(11107, 'Harold Mayer', 'h.mayer@inbox.com', '+72275281574', '173, Grove Street, Innopolis', 'AortamiKaasani', '5426753896012628421', '1166037463217683'),
(11108, 'Harold Andersen', 'h.andersen@gmail.com', '+75171376884', '58, Broadway, Yekaterinburg', 'BinderSeeManesoft', '-6867695522063523229', '1661513712567342'),
(11109, 'Ode Andersen', 'o.andersen@ya.ru', '+71563247836', '110, Las Venturas Boulevard, Madrid', 'Clarto|rgManiakNotice', '-6000426578209616111', '6052162954985196'),
(11113, 'Irvine Russo', 'i.russo@gmail.com', '+76747545761', '219, Old Venturas Strip, Omsk', 'CorpholeLarkatelᏊ^ꈊ^Ꮚ', '-4328777590275362849', '2478439466088335'),
(11114, 'Cecil Nilsen', 'c.nilsen@inbox.com', '+72592701791', '149, Hasselhoff Street, Yekaterinburg', 'BroadwayAngelicGreyep8-524rico', '5987920731040522908', '9742954126929589'),
(11115, 'Damon Melnyk', 'd.melnyk@mail.ru', '+77045750372', '1, Saints Boulevard, Athens', 'MomentechKittyFamous', '7676211735163650457', '0856478891157042'),
(11117, 'Rubye Shevchenko', 'r.shevchenko@gmail.com', '+72442915535', '175, 6th Street, Helsinki', 'BroadwayAnge8592licConspiracy', '5619276329790932348', '4762329192848556'),
(11120, 'Ellis Shevchenko', 'e.shevchenko@gmail.com', '+71402025526', '3, Broadway, Berlin', 'MellowKitLetterIffy', '-289069478535581551', '9825708458758527'),
(11121, 'Gwenevere Mayer', 'g.mayer@yahoo.com', '+73364889678', '170, Interstate 45, Ankara', 'NoteD272arkFaceEnjoyerie', '3578800779714527773', '0169064301335184'),
(11124, 'Barret Silva', 'b.silva@inbox.com', '+77149589534', '2, Julius Thruway, Novosibirsk', 'PitypellGambitrice', '6426116227556382834', '0379615936913055'),
(11125, 'Myrle Huber', 'm.huber@rambler.ru', '+76609710048', '316, Auto Circle, Saint Petersburg', 'NoteSumoLetterIffy', '-4526284202619152938', '2214458038262695'),
(11127, 'Lena Russo', 'l.russo@gmail.com', '+71392239497', '223, Hasselhoff Street, Moscow', 'MalthisoJoyougheenrᏊ^ꈊ^Ꮚ', '7515451989184759101', '0376383408465337'),
(11129, 'Anne Steiner', 'a.steiner@inbox.com', '+72264576072', '149, Broadway, Innopolis', 'Monsterca7400Kaasani(ﾉ◕ヮ◕)ﾉ*:･ﾟ✧', '-5166630300036536015', '4390954544682358'),
(11130, 'Eden Melnyk', 'e.melnyk@inbox.com', '+79898852482', '49, Old Venturas Strip, Ankara', 'Medi7761umeratInebayer', '126429137657354676', '0433178896178251'),
(11135, 'Myrle Olsen', 'm.olsen@inbox.com', '+76548379882', '177, Broadway, Moscow', 'ContentecutGambitrice', '1271336245440408029', '8648998065841128'),
(11136, 'Barret Larsen', 'b.larsen@inbox.com', '+72261418655', '161, San Fierro Scenic Road, Yekaterinburg', 'ComiconesEnjoyerie', '5665640750692689492', '4702725065184862'),
(11137, 'Mike Gruber', 'm.gruber@gmail.com', '+73311094139', '305, Saints Boulevard, Omsk', 'ChellGazetteInteriorne', '478590942644515623', '8058976210785194'),
(11141, 'Irvine Steiner', 'i.steiner@yandex.ru', '+77908580633', '196, Market Boulevard, Ryazan', 'Alerts7933tericGoofyrellak彡ﾟ◉ω◉ )つー☆*', '3742774354099062468', '3424028428681563'),
(11142, 'Kyle Santos', 'k.santos@inbox.com', '+79269974296', '221, San Fierro Scenic Road, Innopolis', 'BeastargiumCovenkle', '-4342411497632363467', '2980266694969809'),
(11144, 'Aleesha Gruber', 'a.gruber@mail.ru', '+75642887519', '292, San Fierro Scenic Road, Moscow', 'ChunkyouetEquentum', '5831260470319295443', '7498097205567999'),
(11145, 'Olive Silva', 'o.silva@gmail.com', '+75229806223', '161, 6th Street, Omsk', 'MellowKitL2066ouislogi', '-3645777251280185290', '8080965563746679'),
(11146, 'Gilbert Hansen', 'g.hansen@gmail.com', '+74802453769', '227, Broadway, Barcelona', 'Beastargium$G8063oofyrellak', '2669640258621430413', '7814956321350509'),
(11149, 'Eveline Moser', 'e.moser@yandex.ru', '+74293964788', '229, Julius Thruway, Osaka', '4meandthiLarkatel', '-8109364431990631987', '2038514419018960'),
(11150, 'Kris Steiner', 'k.steiner@inbox.com', '+73170666395', '243, Julius Thruway, Perm', 'MofferlistConspiracy', '-13204386040815982', '2169116897428338'),
(11152, 'Olive Russo', 'o.russo@rambler.ru', '+71636405257', '130, Main Street, Barnaul', 'BiologiGambitrice', '-3565331899140871513', '4679649899333756'),
(11153, 'Mike Hansen', 'm.hansen@inbox.com', '+71455469211', '184, Mulholland Drive, Yekaterinburg', 'BromorksEzstorv(灬♥ω♥灬)', '8241358481852695290', '3862055391273359'),
(11154, 'Normand Johansen', 'n.johansen@rambler.ru', '+77215888599', '38, San Fierro Scenic Road, Madrid', 'BinderSeeJillered', '5147446966382010786', '3479466155115348'),
(11155, 'Olive Nilsen', 'o.nilsen@inbox.com', '+77391940501', '235, Old Venturas Strip, Innopolis', 'ContentecutJeanUpdates', '-167962303377281904', '1491966004751754'),
(11158, 'Cecil Rossi', 'c.rossi@rambler.ru', '+77751800121', '158, Fifth Avenue, Krasnoyarsk', 'CrossoriaManesoft', '-5578828124394346101', '5699489299351117'),
(11162, 'Berry Bauer', 'b.bauer@yahoo.com', '+76628725115', '301, 6th Street, Ryazan', '6592BromorksLar<katel', '148984365158207637', '8534054985349378'),
(11163, 'Irvine Olsen', 'i.olsen@gmail.com', '+76343983215', '94, Julius Thruway, Perm', 'Bromo4826rksLetterIffy', '-4389398667669705896', '2996160013236186'),
(11169, 'Barret Santos', 'b.santos@inbox.com', '+73494942320', '285, Saints Boulevard, Kazan', 'BroadwayAngelicLarkate4648l(๑･`▱´･๑)', '4011245597468021422', '2982491787573471'),
(11170, 'Irvine Huber', 'i.huber@ya.ru', '+78492540934', '241, Julius Thruway, Vladivostok', 'CorpholeEzstorv', '-5682753891715650715', '1929318407314284'),
(11172, 'Kris Bruno', 'k.bruno@yahoo.com', '+78848292650', '35, Dix Road, Kazan', 'MalthisoMan7012esoft', '7391585641996974376', '9135991503828589'),
(11173, 'Normand Gruber', 'n.gruber@ya.ru', '+79312720608', '115, Julius Thruway, Helsinki', 'BlackencessFreakeronge', '1551330509286925412', '7775376511897283'),
(11174, 'Jill Boyko', 'j.boyko@yandex.ru', '+79385103277', '255, Broadway, Helsinki', 'CandyWavesMonLedgerAwayლ(ಠ_ಠლ)', '-4308940025612623997', '3413044379364975'),
(11175, 'Ellis Rossi', 'e.rossi@mail.ru', '+77626531153', '151, Interstate 45, Perm', '2063ContentecutKittyFamous', '-7031533676866868146', '1125256768710822'),
(11176, 'Jaymes Gruber', 'j.gruber@yahoo.com', '+76317249713', '181, Auto Circle, Vladivostok', 'AdmiradomManeso8950ft', '3122018309600152161', '6423584753175843'),
(11179, 'Kyle Huber', 'k.huber@inbox.com', '+75891511350', '84, Old Venturas Strip, Vladivostok', '$AirCartDagenera', '6839834718593087483', '1443071493216417'),
(11180, 'Jaymes Gruber', 'j.gruber@yandex.ru', '+72871161967', '272, Mulholland Drive, Barcelona', 'BromorksDagenera₍₍ (ง ˙ω˙)ว ⁾⁾', '-4206021248172049039', '3278293795006045'),
(11182, 'Eveline Andersen', 'e.andersen@mail.ru', '+74819568414', '313, Main Street, Ryazan', 'Mediumerat870LetterIffy', '-3822135322188404029', '6676195618674939'),
(11183, 'Gwendolyn Hansen', 'g.hansen@mail.ru', '+79421790160', '205, Hasselhoff Street, Ryazan', 'MediumeratFunT+henorn', '-234088935283222495', '7248963394763686'),
(11184, 'Aleesha Bruno', 'a.bruno@ya.ru', '+72290177475', '293, Harry Gold Parkway, Bogotá', 'AlertstericCovenkle', '-3107081534630753256', '5687179551087381'),
(11186, 'Myrle Silva', 'm.silva@ya.ru', '+78127855685', '263, Interstate 45, Paris', 'ContentecutLarkatel', '-5562834216224298968', '0814908941521029'),
(11187, 'Aria Nilsen', 'a.nilsen@gmail.com', '+72295498234', '264, Saints Boulevard, Ryazan', 'MellowKitJillere$d', '-7855374493247684663', '9642546939307630'),
(11190, 'Anne Rossi', 'a.rossi@ya.ru', '+73082407535', '157, Hasselhoff Street, Perm', 'CorpholeLetter2185Iffy', '3451353734733647092', '2424274676335765'),
(11192, 'Cindi Mayer', 'c.mayer@gmail.com', '+77335302511', '246, Saints Boulevard, Ankara', 'BinderSeeDonstest', '-3879597413685978257', '3867228782933838'),
(11195, 'Mike Bauer', 'm.bauer@rambler.ru', '+74798980315', '313, Saints Boulevard, Paris', 'Ca9252ndyWavesMonJoyougheenr(҂⌣̀_⌣́)', '929022387060386315', '3162270217083607'),
(11198, 'Harold Hansen', 'h.hansen@gmail.com', '+76543497666', '70, Hasselhoff Street, Osaka', 'BroadwayAngelic6050Conspiracy', '3167411108449134841', '1763728213208183'),
(11199, 'Fay Russo', 'f.russo@yahoo.com', '+72596268025', '146, Grove Street, Bogotá', 'NoteSumoLawFun(⁎˃ᆺ˂)', '6679259240400499153', '9176723939947610'),
(11200, 'Rubye Steiner', 'r.steiner@rambler.ru', '+71661579594', '210, San Fierro Scenic Road, Baltimore', 'MonGamerKatEque1682ntum', '-535201655837366643', '0173963841808378'),
(11201, 'Fay Santos', 'f.santos@inbox.com', '+76368275074', '304, Old Venturas Strip, Rome', 'BroadwayAn>gelicDonstest', '-6368192156901104400', '0328610928803787'),
(11202, 'Irvine Hansen', 'i.hansen@yahoo.com', '+74966123693', '51, 6th Street, Novosibirsk', 'PitypellK4993ittyFamous', '5589380776758369004', '1279409108349842'),
(11203, 'Frieda Melnyk', 'f.melnyk@mail.ru', '+76291654358', '8, Saints Boulevard, Tomsk', 'BillSelfEzstorv', '6424462034354920368', '8295782804650040'),
(11204, 'Myrle Pichler', 'm.pichler@gmail.com', '+74027241395', '234, Fifth Avenue, Ankara', 'BlondievelyHolydatens', '-1721222175656388201', '7682955078549005'),
(11206, 'Gwenevere Huber', 'g.huber@ya.ru', '+76997672387', '7, 6th Street, London', 'BauerReptileJillered(ﾉ◕ヮ◕)ﾉ*:･ﾟ✧', '5772279391820481182', '6229584127726476'),
(11207, 'Damon Hansen', 'd.hansen@ya.ru', '+72564750869', '180, San Fierro Scenic Road, Athens', 'CistKlugGigglyphar(=ↀωↀ=)', '-4726634161132275970', '3687910911106825'),
(11208, 'Fay Mayer', 'f.mayer@ya.ru', '+72870967167', '314, Broadway, Berlin', 'Amgusta7374mCovenkle', '6213312258244290738', '6032574149408172'),
(11214, 'Rubye Steiner', 'r.steiner@inbox.com', '+76752094632', '67, Julius Thruway, Perm', 'B9748romorksLawFun', '8936462014123017645', '1527123434597330'),
(11215, 'Irvine Boyko', 'i.boyko@yandex.ru', '+78753735550', '45, San Fierro Scenic Road, Madrid', 'MofferlistLaurenic', '-2608600104124271886', '8020381122362421'),
(11218, 'Jennifer Steiner', 'j.steiner@gmail.com', '+79708190541', '196, Interstate 45, Paris', 'MessageSosaInteriorne', '-8289330100735204039', '1965470273599621'),
(11219, 'Mike Andersen', 'm.andersen@yahoo.com', '+79418241343', '109, Interstate 45, Osaka', 'MessageSosaExtraR/osesAngel', '-3933246428986650231', '6468208744416559'),
(11220, 'Fay Boyko', 'f.boyko@inbox.com', '+74298763840', '313, Grove Street, Barcelona', 'ChellGazett2104eDagenera', '-2247790316360908949', '5803332097328385'),
(11221, 'Lena Silva', 'l.silva@yandex.ru', '+72387520959', '114, Dix Road, Tomsk', 'NyctankviewHo3147lydatens', '-8346988499488942965', '1104516592263141'),
(11224, 'Lena Santos', 'l.santos@inbox.com', '+78639091496', '47, Broadway, Bogotá', 'CistKlugKittyFamous', '7868151054368165272', '2772864799402420'),
(11225, 'Normand Rossi', 'n.rossi@yahoo.com', '+72439158529', '185, San Fierro Scenic Road, Chicago', 'Aor7873tamiHelloft', '491051982265649884', '7654221335329751'),
(11227, 'Adelina Pichler', 'a.pichler@yahoo.com', '+79093324729', '16, Broadway, Helsinki', 'AlimentHelloft', '-8709230790221540879', '4330978683004253'),
(11228, 'Gilbert Rossi', 'g.rossi@yandex.ru', '+72867141636', '195, Interstate 45, Kazan', 'ChronicleupManesof*t', '-3160981225301799386', '4564835644285574'),
(11230, 'Harold Johansen', 'h.johansen@yahoo.com', '+71943286086', '118, Broadway, Moscow', 'Moffe1315rlistEzstorv', '6358756053603557654', '4890930372647593'),
(11231, 'Alisha Moser', 'a.moser@ya.ru', '+74630623903', '40, Broadway, Ankara', 'Alertsteri3077cInebayerᏊᵋꈊᵋᏊ', '-5074464612089351056', '3409798527530625'),
(11232, 'Gwenevere Moser', 'g.moser@yahoo.com', '+72133045794', '224, Mulholland Drive, Madrid', 'ClartorgL/ouislogi', '3544055690093419685', '4549642905463190'),
(11235, 'Lena Larsen', 'l.larsen@ya.ru', '+77683786353', '276, 6th Street, Ankara', 'BiologiManiakNotice', '5000894477253169769', '0146218852435414'),
(11236, 'Lily Nilsen', 'l.nilsen@gmail.com', '+73619076711', '109, Broadway, Kazan', '4meandthiFunThenorn', '2730412596395203369', '4500025103164806');
INSERT INTO `user` (`user_id`, `full_name`, `e-mail`, `phone_number`, `location_of_residence`, `username`, `password_hash`, `bank_account`) VALUES
(11239, 'Normand Huber', 'n.huber@mail.ru', '+78461049563', '14, Interstate 45, Baltimore', 'Comicone*sGoofyrellak(ᗒᗩᗕ)՞', '7700484492167248962', '0773549042631324'),
(11240, 'Irvine Pichler', 'i.pichler@ya.ru', '+71213488543', '213, Grove Street, Saint Petersburg', 'PenguingsEquentum', '2472473751847401203', '7582132211110965'),
(11241, 'Frieda Wagner', 'f.wagner@rambler.ru', '+75438120265', '110, Old Venturas Strip, Barcelona', '4meandthiDonstest', '8998301107247983674', '7009884491816515'),
(11251, 'Gilbert Melnyk', 'g.melnyk@yandex.ru', '+76402631954', '252, Saints Boulevard, Barnaul', 'BlondievelyKaasani', '-8055302817605337078', '5271254220881849'),
(11255, 'Jaymes Johansen', 'j.johansen@mail.ru', '+78780663426', '233, Broadway, Krasnoyarsk', 'NyctankviewLouislogi', '8115986315547517994', '4490777909824673'),
(11256, 'Jennifer Santos', 'j.santos@yahoo.com', '+75600888522', '77, Fifth Avenue, Yekaterinburg', '!PenguingsKittyFamous', '-3796728829522135172', '5232346738077034'),
(11257, 'Mike Silva', 'm.silva@inbox.com', '+78178279093', '303, Las Venturas Boulevard, Barnaul', 'MonstercaLaurenic', '6934096128844037798', '4690573547158034'),
(11259, 'Berry Melnyk', 'b.melnyk@inbox.com', '+73561192630', '191, Las Venturas Boulevard, Osaka', '_BromorksGreyeprico(^･ｪ･^)', '-1976062917270710148', '0904541057846434'),
(11263, 'Aria Huber', 'a.huber@gmail.com', '+75402021632', '248, Saints Boulevard, Baltimore', 'MellowKitGreyeprico(●///▽///●)', '9154009054939050518', '5751718880165476'),
(11266, 'Ode Silva', 'o.silva@rambler.ru', '+79647302885', '75, Hasselhoff Street, Chicago', 'MediumeratLarkatel(ᗒᗩᗕ)՞', '-5989802527285232364', '0986722966701065'),
(11270, 'Alexia Mayer', 'a.mayer@yandex.ru', '+79700303508', '260, Dix Road, Athens', 'CakenteliaManesoft', '6940321978734120298', '1350507557110733'),
(11271, 'Catherine Nilsen', 'c.nilsen@rambler.ru', '+78497130896', '41, Broadway, Yekaterinburg', 'PaceltheLaurenic', '1884355166276278360', '5992462507831441'),
(11273, 'Mike Bruno', 'm.bruno@ya.ru', '+76472660819', '200, Interstate 45, London', 'CistKlugFunThenorn', '-5495550625094305533', '2920152566654547'),
(11274, 'Jennifer Silva', 'j.silva@mail.ru', '+75697612776', '171, Mulholland Drive, Paris', 'NyctankviewInteriorne', '-2710569485597632099', '3245283720231142'),
(11275, 'Ellis Nilsen', 'e.nilsen@yahoo.com', '+73633683743', '139, Market Boulevard, Krasnoyarsk', 'MalthisoDonstest(ㅇㅅㅇ❀)', '-1899484738019009235', '1569572241975717'),
(11276, 'Alisha Wagner', 'a.wagner@mail.ru', '+78914507918', '217, Main Street, Vladivostok', 'CakenteliaHol&ydatens', '3965865385011798178', '8259167552181069'),
(11278, 'Normand Olsen', 'n.olsen@yahoo.com', '+74934780633', '222, Market Boulevard, Osaka', 'ChellGazetteJeanUpdates', '-7905123224572185797', '6168573768573651'),
(11281, 'Kris Russo', 'k.russo@inbox.com', '+74916315668', '216, Julius Thruway, Chicago', 'BlackencessHelloft', '3644506618248578199', '5490718870032519'),
(11282, 'Eden Boyko', 'e.boyko@mail.ru', '+71212369226', '40, Dix Road, Barnaul', 'AlimentExtraRosesAngel(^･ｪ･^)', '-1370253367757970558', '9422096838542869'),
(11285, 'Fay Boyko', 'f.boyko@yahoo.com', '+72870302360', '218, Harry Gold Parkway, Berlin', 'ChunkyouetHolydate8813ns', '8616170241026641490', '2253159157795571'),
(11286, 'Damon Larsen', 'd.larsen@yahoo.com', '+71559675399', '48, Dix Road, Athens', 'BillSe4980lfKaasani', '3426758260175829418', '8586235427680112'),
(11287, 'Gwendolyn Bruno', 'g.bruno@mail.ru', '+76949638506', '249, Interstate 45, Barcelona', '&AdmiradomLetterIffyᏊᵋꈊᵋᏊ', '7756818693080162160', '0538050981777999'),
(11288, 'Normand Moser', 'n.moser@mail.ru', '+79471405391', '146, Broadway, Dublin', 'CandyWavesMonFunThenorn', '-8221426506200827830', '9223292064385931'),
(11289, 'Berry Pichler', 'b.pichler@ya.ru', '+76891359506', '94, San Fierro Scenic Road, Innopolis', 'PitypellGreyeprico', '4824867914612639740', '0835870135076817'),
(11297, 'Ode Wagner', 'o.wagner@yandex.ru', '+79028486646', '122, Dix Road, Bogotá', 'PitypellExtraRo!sesAngel(⁎˃ᆺ˂)', '-155476114998300873', '3350237686506183'),
(11298, 'Mike Shevchenko', 'm.shevchenko@mail.ru', '+74625142268', '126, Hasselhoff Street, Innopolis', 'MessageSosaLetterIffy', '-626127756933861129', '8883126892963079'),
(11303, 'Fay Gruber', 'f.gruber@ya.ru', '+74217310967', '249, Auto Circle, Innopolis', 'MessageSosaEzstorv', '-2730140427869630934', '9471361141556574'),
(11304, 'Adelina Boyko', 'a.boyko@inbox.com', '+71928110644', '24, Mulholland Drive, Helsinki', 'CorpholeConspir<acy', '4286799088727016756', '2747306985254156'),
(11308, 'Kyle Boyko', 'k.boyko@ya.ru', '+78372908972', '135, Market Boulevard, Vladivostok', 'CrossoriaFu+nThenorn', '-8314206077032290355', '7246281706351527'),
(11309, 'Ellis Gruber', 'e.gruber@ya.ru', '+76726353763', '6, Saints Boulevard, Baltimore', 'MomentechDagenera', '1011514365110790952', '5470968224189410'),
(11312, 'Frieda Rossi', 'f.rossi@yandex.ru', '+71932392329', '232, Broadway, Innopolis', 'MonstercaEnjoyerie', '2500837029070500168', '5024729793062390'),
(11317, 'Lena Silva', 'l.silva@mail.ru', '+78109765736', '38, Fifth Avenue, London', 'CakenteliaEquentum', '1599900897621399226', '4290741193819830'),
(11318, 'Anne Huber', 'a.huber@yandex.ru', '+79903427709', '223, Saints Boulevard, Ryazan', 'AlertstericKittyFamous(๑•́ ω •̀๑)', '74985154867699580', '9155316168053994'),
(11320, 'Berry Huber', 'b.huber@inbox.com', '+77871514730', '239, Harry Gold Parkway, Saint Petersburg', 'CorpholeCons539piracy', '-812838548269965393', '9660739919231887'),
(11323, 'Lena Gruber', 'l.gruber@gmail.com', '+73638891659', '209, Market Boulevard, Ankara', 'AlimentEnjoyer3846ie', '-6046020772635194296', '4602304308069459'),
(11324, 'Olive Boyko', 'o.boyko@yandex.ru', '+72324790075', '197, San Fierro Scenic Road, London', 'PitypellGigglyphar', '4411860776607966632', '6791902208119328'),
(11325, 'Ellis Russo', 'e.russo@mail.ru', '+77833751499', '271, Hasselhoff Street, Helsinki', 'Contentecu4815tJungRacing', '-2977178823433065971', '1493872756991829'),
(11327, 'Irvine Mayer', 'i.mayer@inbox.com', '+73354818399', '127, Interstate 45, London', 'NyctankviewDagenera', '-6699614753187927774', '2850015619643096'),
(11329, 'Kyle Steiner', 'k.steiner@yahoo.com', '+75677603102', '202, Interstate 45, Helsinki', 'Br3395oadwayAngelicDagenera', '-4767497349865223631', '9945328230565930'),
(11330, 'Berry Bruno', 'b.bruno@rambler.ru', '+72081400389', '318, Interstate 45, London', 'CistKlugGreyeprico', '587345539066632121', '0923067968256730'),
(11332, 'Ellis Santos', 'e.santos@mail.ru', '+77366316137', '108, Dix Road, Yekaterinburg', 'C1489orpholeGoofyrellak(灬♥ω♥灬)', '6919811392294613064', '7662010930910692'),
(11337, 'Normand Wagner', 'n.wagner@yahoo.com', '+71107732501', '130, Harry Gold Parkway, Paris', 'MediumeratLaurenic', '1708411101519698101', '2075455303819556'),
(11339, 'Catherine Gruber', 'c.gruber@inbox.com', '+78660010516', '58, Dix Road, Athens', 'AlimentInebayer', '8818381020392579148', '2319182647426586'),
(11342, 'Lily Mayer', 'l.mayer@rambler.ru', '+71045049640', '225, Fifth Avenue, Bogotá', '6372BlackencessLarkatel(⁎˃ᆺ˂)', '-8141335832294987617', '9845237985064144'),
(11344, 'Ode Boyko', 'o.boyko@yahoo.com', '+72052641533', '89, Auto Circle, Kazan', 'BauerReptileLetterIffy', '1601828417498084460', '7333072956586298'),
(11345, 'Ellis Bruno', 'e.bruno@rambler.ru', '+74291740417', '65, San Fierro Scenic Road, Krasnoyarsk', 'Bro5570morksGoWeblogTins', '-3056735027246794989', '0070975729910197'),
(11346, 'Fay Santos', 'f.santos@mail.ru', '+72902053670', '316, San Fierro Scenic Road, Ankara', 'BiologiLetterIffy', '-2001505879024916842', '1751612129691318'),
(11349, 'Lena Steiner', 'l.steiner@inbox.com', '+74569893926', '204, Harry Gold Parkway, Ankara', 'ComiconesExtraR9246osesAngel', '5835007653062108893', '5590684183023268'),
(11351, 'Olive Larsen', 'o.larsen@ya.ru', '+72937884501', '102, Main Street, Ankara', 'PenguingsLa7936urenic(ﾉ◕ヮ◕)ﾉ*:･ﾟ✧', '-5962002724106306075', '2527712844218481'),
(11353, 'Eden Rossi', 'e.rossi@yahoo.com', '+73945488825', '165, Interstate 45, Moscow', 'BillSelfI<n8644teriorne', '1820961775511116844', '4340243004175783'),
(11354, 'Ellis Bauer', 'e.bauer@inbox.com', '+74306780419', '159, 6th Street, Osaka', 'BauerRepti5606leJoyougheenr', '2271159928529653036', '8960769176798256'),
(11358, 'Jaymes Pichler', 'j.pichler@rambler.ru', '+77907568668', '149, Mulholland Drive, Chicago', 'BeastargiumManesoft', '5207972918135713410', '1754589814365225'),
(11359, 'Normand Wagner', 'n.wagner@ya.ru', '+73072417879', '193, Dix Road, Dublin', 'ChellGazetteJoyougheenr', '-7907282306450369018', '1821744043602401'),
(11360, 'Myrle Hansen', 'm.hansen@yahoo.com', '+79955242707', '8, Hasselhoff Street, Barnaul', 'PitypellHell7948oft', '4160794512355279625', '7456552920089604'),
(11361, 'Alexia Melnyk', 'a.melnyk@yahoo.com', '+74324187124', '211, Hasselhoff Street, Chicago', 'CandyWavesMonLarkatel', '1527164054698628395', '3820865077674804'),
(11363, 'Irvine Moser', 'i.moser@ya.ru', '+76954737743', '293, San Fierro Scenic Road, Perm', 'PaceltheJoyougheen>r', '-4378243776829253051', '8840850107161715'),
(11364, 'Gretta Moser', 'g.moser@rambler.ru', '+74642292952', '82, 6th Street, Rome', 'NyctankviewL3034awFun(๑•́ ω •̀๑)', '7600208230107969674', '8776753316821991'),
(11366, 'Cecil Shevchenko', 'c.shevchenko@rambler.ru', '+76006742991', '32, Old Venturas Strip, Perm', '5133NoteDarkFaceJung*Racing', '7349313383754805380', '3467670938369673'),
(11367, 'Lily Johansen', 'l.johansen@inbox.com', '+77368160788', '27, Las Venturas Boulevard, Tomsk', 'BiologiLa5327wFun', '6863357015314885204', '5336853382028412'),
(11369, 'Carina Mayer', 'c.mayer@rambler.ru', '+71426599219', '16, Fifth Avenue, Moscow', 'ChronicleupHelloft', '3031491959633263624', '7696642309506378'),
(11370, 'Jaymes Hansen', 'j.hansen@inbox.com', '+71384687542', '215, Market Boulevard, Omsk', '$MomentechEzstorv', '-2962820911728186165', '8416155412776857'),
(11373, 'Olive Andersen', 'o.andersen@rambler.ru', '+79280712584', '182, Saints Boulevard, Vladivostok', 'MomentechConspira5754cy', '-8999734460319641286', '6159484612957548'),
(11374, 'Kris Pichler', 'k.pichler@mail.ru', '+75099660090', '25, San Fierro Scenic Road, Omsk', 'BromorksGoWebl!ogTins(^･ｪ･^)', '4570856499355828228', '6898739269046921'),
(11375, 'Ellis Pichler', 'e.pichler@yandex.ru', '+74760123354', '100, San Fierro Scenic Road, Kazan', 'PitypellInebayer', '6931176360739283717', '7686174088855264'),
(11384, 'Barret Melnyk', 'b.melnyk@rambler.ru', '+77687068119', '317, Dix Road, Vladivostok', 'NoteDarkFaceExtraRosesAngel', '-8804867022806062338', '3534957286557490'),
(11385, 'Myrle Wagner', 'm.wagner@rambler.ru', '+76666020443', '102, Old Venturas Strip, Vladivostok', 'BromorksManesoft(灬♥ω♥灬)', '-4236443230329497977', '3325653118322404'),
(11390, 'Harold Shevchenko', 'h.shevchenko@gmail.com', '+74253475367', '9, Interstate 45, Baltimore', 'MonGamer9545KatInikrine', '-2933853219473551271', '2255523714273028'),
(11395, 'Adelina Andersen', 'a.andersen@gmail.com', '+77042265077', '110, Las Venturas Boulevard, Barcelona', 'MonGa3731merKatKaasani', '-3468842852238730901', '6803781918903186'),
(11396, 'Carina Gruber', 'c.gruber@yandex.ru', '+73395581962', '13, Auto Circle, Tomsk', 'CakenteliaGo|ofyrellak', '-8762738211703773511', '8448257324092726'),
(11401, 'Lena Santos', 'l.santos@rambler.ru', '+73834777691', '9, Old Venturas Strip, Barcelona', 'ClartorgHolydatens*', '2454465761013517042', '9357893123331393'),
(11402, 'Ode Gruber', 'o.gruber@mail.ru', '+73228122205', '122, Old Venturas Strip, Yekaterinburg', 'CorpholeJoy<oughee5140nr', '2733568298509644725', '7111719678430056'),
(11404, 'Berry Andersen', 'b.andersen@ya.ru', '+74931184351', '75, Main Street, Baltimore', 'B2940londievelyEnjoyerie', '-8080602477555103219', '0338019507189780'),
(11407, 'Carina Silva', 'c.silva@yahoo.com', '+73133320486', '51, Saints Boulevard, Tomsk', 'BinderSeeGreyeprico', '-9131484791768900039', '9015864975165865'),
(11409, 'Myrle Pichler', 'm.pichler@rambler.ru', '+75498618107', '35, Hasselhoff Street, Ryazan', 'Peng9122uingsJoyougheenr$', '4636432893520569742', '2060488853432373'),
(11411, 'Gwendolyn Larsen', 'g.larsen@gmail.com', '+76124480707', '155, Mulholland Drive, Madrid', 'ContentecutGigglyphar', '-6438220368371939944', '4122335924285011');

-- --------------------------------------------------------

--
-- Структура таблицы `worker`
--

CREATE TABLE `worker` (
  `worker_id` int(11) NOT NULL,
  `salary` int(11) NOT NULL,
  `working_schedule` text NOT NULL,
  `passport_information` text
) ENGINE=InnoDB DEFAULT CHARSET=utf8;

--
-- Дамп данных таблицы `worker`
--

INSERT INTO `worker` (`worker_id`, `salary`, `working_schedule`, `passport_information`) VALUES
(9901, 62000, 'Mon-Fri, 8:00-16:00', NULL),
(9902, 72000, 'Sun-Sun, 8:00-15:00', NULL),
(9903, 96000, 'Wed-Thurs, 8:00-15:00', NULL),
(9904, 98000, 'Sat-Sat, 10:00-17:00', NULL),
(9905, 57000, 'Thurs-Thurs, 9:00-15:00', NULL),
(9906, 60000, 'Wed, Thurs, Sun, 10:00-17:00', NULL),
(9907, 99000, 'Mon, Tues, Wed, Thurs, 10:00-16:00', NULL),
(9908, 31000, 'Tues-Sun, 12:00-19:00', NULL),
(9909, 53000, 'Wed-Sun, 8:00-14:00', NULL),
(9910, 56000, 'Fri-Sat, 8:00-16:00', NULL),
(9911, 77000, 'Tues, Wed, Fri, Sun, 8:00-14:00', NULL),
(9912, 83000, 'Thurs-Sat, 11:00-19:00', NULL),
(9913, 54000, 'Thurs-Sun, 12:00-18:00', NULL),
(9914, 41000, 'Tues-Thurs, 8:00-14:00', NULL),
(9915, 54000, 'Tues-Tues, 11:00-17:00', NULL),
(9916, 86000, 'Mon, Thurs, Fri, Sat, Sun, 9:00-17:00', NULL),
(9917, 40000, 'Wed, Thurs, Fri, Sat, Sun, 8:00-14:00', NULL),
(9918, 54000, 'Sun-Sun, 9:00-17:00', NULL),
(9919, 40000, 'Wed-Wed, 12:00-18:00', NULL),
(9920, 30000, 'Wed, Thurs, Fri, Sat, Sun, 11:00-19:00', NULL),
(9921, 35000, 'Sun-Sun, 8:00-15:00', NULL),
(9922, 88000, 'Fri-Fri, 10:00-18:00', NULL),
(9923, 30000, 'Fri-Sun, 10:00-18:00', NULL),
(9924, 61000, 'Wed-Fri, 9:00-15:00', NULL),
(9925, 67000, 'Sat-Sun, 8:00-15:00', NULL),
(9926, 54000, 'Fri-Fri, 10:00-18:00', NULL),
(9927, 55000, 'Wed-Fri, 9:00-15:00', NULL),
(9928, 35000, 'Mon, Thurs, Fri, Sat, Sun, 10:00-17:00', NULL),
(9929, 55000, 'Mon, Tues, Thurs, Sat, 11:00-18:00', NULL),
(9930, 45000, 'Mon-Thurs, 9:00-16:00', NULL),
(9932, 89000, 'Mon, Fri, Sat, Sun, 9:00-16:00', NULL),
(9933, 92000, 'Thurs-Thurs, 10:00-17:00', NULL),
(9934, 46000, 'Wed-Thurs, 8:00-16:00', NULL),
(9935, 37000, 'Wed-Wed, 9:00-16:00', NULL),
(9936, 67000, 'Mon-Thurs, 11:00-17:00', NULL),
(9937, 35000, 'Sat-Sun, 12:00-18:00', NULL),
(9938, 34000, 'Thurs-Fri, 11:00-19:00', NULL),
(9939, 62000, 'Thurs-Thurs, 11:00-19:00', NULL),
(9940, 50000, 'Tues, Wed, Sun, 9:00-17:00', NULL),
(9941, 97000, 'Wed-Wed, 8:00-16:00', NULL),
(9942, 68000, 'Tues, Thurs, Sat, Sun, 11:00-19:00', NULL),
(9943, 32000, 'Wed-Sun, 8:00-15:00', NULL),
(9944, 96000, 'Mon, Tues, Thurs, Sun, 8:00-15:00', NULL),
(9945, 74000, 'Thurs-Fri, 8:00-15:00', NULL),
(9946, 72000, 'Wed-Wed, 9:00-17:00', NULL),
(9947, 43000, 'Sun-Sun, 11:00-18:00', NULL),
(9948, 66000, 'Thurs-Sat, 10:00-18:00', NULL),
(9949, 87000, 'Tues-Wed, 8:00-14:00', NULL),
(9950, 65000, 'Sat-Sun, 12:00-18:00', NULL),
(9951, 79000, 'Wed-Sat, 9:00-17:00', NULL),
(9952, 87000, 'Wed, Fri, Sat, Sun, 11:00-19:00', NULL),
(9953, 54000, 'Sat-Sun, 9:00-16:00', NULL),
(9954, 78000, 'Mon, Tues, Fri, 9:00-17:00', NULL),
(9955, 89000, 'Sat-Sun, 12:00-19:00', NULL),
(9956, 93000, 'Sat-Sun, 10:00-16:00', NULL),
(9957, 99000, 'Tues, Wed, Thurs, Sat, Sun, 10:00-17:00', NULL),
(9958, 86000, 'Mon, Thurs, Fri, Sat, Sun, 10:00-17:00', NULL),
(9959, 47000, 'Thurs-Thurs, 10:00-18:00', NULL),
(9960, 42000, 'Fri-Fri, 12:00-19:00', NULL),
(9961, 91000, 'Sun-Sun, 9:00-15:00', NULL),
(9962, 62000, 'Wed-Sun, 9:00-17:00', NULL),
(9963, 67000, 'Tues, Fri, Sat, Sun, 10:00-16:00', NULL),
(9964, 38000, 'Mon-Tues, 9:00-16:00', NULL),
(9966, 53000, 'Mon-Fri, 11:00-18:00', NULL),
(9967, 66000, 'Sat-Sat, 8:00-15:00', NULL),
(9968, 51000, 'Fri-Sat, 12:00-19:00', NULL),
(9969, 85000, 'Mon-Thurs, 10:00-16:00', NULL),
(9970, 64000, 'Sat-Sun, 11:00-19:00', NULL),
(9971, 73000, 'Mon, Tues, Fri, Sat, Sun, 9:00-17:00', NULL),
(9972, 60000, 'Fri-Fri, 9:00-17:00', NULL),
(9973, 66000, 'Fri-Sat, 12:00-20:00', NULL),
(9974, 67000, 'Wed-Sat, 10:00-17:00', NULL),
(9975, 48000, 'Wed-Sun, 8:00-14:00', NULL),
(9976, 50000, 'Sat-Sat, 10:00-18:00', NULL),
(9977, 87000, 'Tues, Wed, Thurs, 10:00-18:00', NULL),
(9978, 48000, 'Thurs-Sat, 9:00-15:00', NULL),
(9979, 67000, 'Sun-Sun, 9:00-15:00', NULL),
(9980, 66000, 'Sun-Sun, 10:00-17:00', NULL),
(9981, 98000, 'Thurs-Fri, 9:00-16:00', NULL),
(9982, 39000, 'Sat-Sat, 8:00-14:00', NULL),
(9983, 57000, 'Sun-Sun, 8:00-14:00', NULL),
(9985, 68000, 'Wed, Fri, Sat, Sun, 12:00-18:00', NULL),
(9986, 80000, 'Thurs-Sat, 10:00-17:00', NULL),
(9987, 63000, 'Sun-Sun, 11:00-17:00', NULL),
(9988, 96000, 'Tues-Sun, 12:00-20:00', NULL),
(9989, 90000, 'Mon, Thurs, Fri, Sun, 11:00-19:00', NULL),
(9990, 91000, 'Wed-Fri, 11:00-19:00', NULL),
(9991, 80000, 'Mon-Wed, 9:00-16:00', NULL),
(9992, 69000, 'Tues-Thurs, 9:00-17:00', NULL),
(9993, 63000, 'Mon-Sun, 12:00-20:00', NULL),
(9995, 38000, 'Mon, Thurs, Sat, Sun, 8:00-15:00', NULL),
(9996, 77000, 'Sun-Sun, 11:00-18:00', NULL),
(9997, 60000, 'Mon-Fri, 12:00-18:00', NULL),
(9998, 56000, 'Tues-Thurs, 8:00-14:00', NULL),
(9999, 49000, 'Wed-Wed, 9:00-15:00', NULL);

-- --------------------------------------------------------

--
-- Структура таблицы `workshop`
--

CREATE TABLE `workshop` (
  `workshop_id` int(11) NOT NULL,
  `address` text NOT NULL
) ENGINE=InnoDB DEFAULT CHARSET=utf8;

--
-- Дамп данных таблицы `workshop`
--

INSERT INTO `workshop` (`workshop_id`, `address`) VALUES
(1, '188, 6th Street, Berlin'),
(2, '246, Hasselhoff Street, London'),
(3, '131, Auto Circle, Ryazan'),
(4, '30, Harry Gold Parkway, Novosibirsk'),
(5, '92, Julius Thruway, Ryazan');

-- --------------------------------------------------------

--
-- Структура таблицы `workshop_worker`
--

CREATE TABLE `workshop_worker` (
  `workshop_worker_id` int(11) NOT NULL,
  `workshop_id` int(11) NOT NULL
) ENGINE=InnoDB DEFAULT CHARSET=utf8;

--
-- Индексы сохранённых таблиц
--

--
-- Индексы таблицы `battery`
--
ALTER TABLE `battery`
  ADD PRIMARY KEY (`battery_id`);

--
-- Индексы таблицы `car`
--
ALTER TABLE `car`
  ADD PRIMARY KEY (`license_plate`(20)),
  ADD UNIQUE KEY `license_plate` (`insurance_id`(20)) USING BTREE,
  ADD KEY `model_id` (`model_id`),
  ADD KEY `battery_id` (`battery_id`);

--
-- Индексы таблицы `car_assigned_to_order`
--
ALTER TABLE `car_assigned_to_order`
  ADD KEY `order_id` (`order_id`);

--
-- Индексы таблицы `car_availability`
--
ALTER TABLE `car_availability`
  ADD KEY `license_plate` (`license_plate`(20));

--
-- Индексы таблицы `car_location`
--
ALTER TABLE `car_location`
  ADD KEY `car_license_plate` (`car_license_plate`(20));

--
-- Индексы таблицы `car_sensors_state`
--
ALTER TABLE `car_sensors_state`
  ADD KEY `car_license_plate` (`car_license_plate`(20));

--
-- Индексы таблицы `charge_station`
--
ALTER TABLE `charge_station`
  ADD PRIMARY KEY (`station_id`);

--
-- Индексы таблицы `customer`
--
ALTER TABLE `customer`
  ADD UNIQUE KEY `customer_id_2` (`customer_id`),
  ADD KEY `customer_id` (`customer_id`);

--
-- Индексы таблицы `customer_family_members`
--
ALTER TABLE `customer_family_members`
  ADD KEY `customer_id` (`customer_id`) USING BTREE;

--
-- Индексы таблицы `customer_precedents_history`
--
ALTER TABLE `customer_precedents_history`
  ADD KEY `customer_id` (`customer_id`);

--
-- Индексы таблицы `hr_worker`
--
ALTER TABLE `hr_worker`
  ADD KEY `hr_worker_id` (`hr_worker_id`) USING BTREE;

--
-- Индексы таблицы `maitenance_check`
--
ALTER TABLE `maitenance_check`
  ADD PRIMARY KEY (`check_id`),
  ADD KEY `workshop_id` (`workshop_id`),
  ADD KEY `car_license_plate` (`car_license_plate`(20));

--
-- Индексы таблицы `model`
--
ALTER TABLE `model`
  ADD PRIMARY KEY (`model_id`);

--
-- Индексы таблицы `odometer_readings`
--
ALTER TABLE `odometer_readings`
  ADD PRIMARY KEY (`reading_id`),
  ADD KEY `car_license_plate` (`car_license_plate`(20));

--
-- Индексы таблицы `operator`
--
ALTER TABLE `operator`
  ADD KEY `operator_id` (`operator_id`);

--
-- Индексы таблицы `order`
--
ALTER TABLE `order`
  ADD PRIMARY KEY (`order_id`),
  ADD KEY `customer_id` (`customer_id`);

--
-- Индексы таблицы `order_data`
--
ALTER TABLE `order_data`
  ADD KEY `order_id` (`order_id`);

--
-- Индексы таблицы `order_status`
--
ALTER TABLE `order_status`
  ADD KEY `order_id` (`order_id`);

--
-- Индексы таблицы `part`
--
ALTER TABLE `part`
  ADD PRIMARY KEY (`part_id`),
  ADD KEY `part_type_id` (`part_type_id`);

--
-- Индексы таблицы `parts_at_workshop_storage`
--
ALTER TABLE `parts_at_workshop_storage`
  ADD UNIQUE KEY `part_id_2` (`part_id`),
  ADD KEY `part_id` (`part_id`),
  ADD KEY `workshop_id` (`workshop_id`) USING BTREE;

--
-- Индексы таблицы `parts_used_in_repair`
--
ALTER TABLE `parts_used_in_repair`
  ADD UNIQUE KEY `part_id_2` (`part_id`),
  ADD KEY `repair_id` (`repair_id`),
  ADD KEY `part_id` (`part_id`);

--
-- Индексы таблицы `part_type`
--
ALTER TABLE `part_type`
  ADD PRIMARY KEY (`type_id`),
  ADD KEY `model_id` (`model_id`);

--
-- Индексы таблицы `provided_parts`
--
ALTER TABLE `provided_parts`
  ADD UNIQUE KEY `part_id_2` (`part_id`),
  ADD KEY `provision_id` (`provision_id`),
  ADD KEY `part_id` (`part_id`);

--
-- Индексы таблицы `provider`
--
ALTER TABLE `provider`
  ADD KEY `provider_id` (`provider_id`);

--
-- Индексы таблицы `provision`
--
ALTER TABLE `provision`
  ADD PRIMARY KEY (`provision_id`),
  ADD KEY `provider_id` (`provider_id`),
  ADD KEY `workshop_id` (`workshop_id`);

--
-- Индексы таблицы `recharge`
--
ALTER TABLE `recharge`
  ADD PRIMARY KEY (`start_time`,`finish_time`),
  ADD KEY `battery_id` (`battery_id`),
  ADD KEY `station_id` (`station_id`);

--
-- Индексы таблицы `repair`
--
ALTER TABLE `repair`
  ADD PRIMARY KEY (`repair_id`),
  ADD KEY `workshop_id` (`workshop_id`),
  ADD KEY `car_license_plate` (`car_license_plate`(20));

--
-- Индексы таблицы `socket`
--
ALTER TABLE `socket`
  ADD PRIMARY KEY (`socket_id`),
  ADD KEY `station_id` (`station_id`);

--
-- Индексы таблицы `system_administrator`
--
ALTER TABLE `system_administrator`
  ADD KEY `system_administrator_id` (`system_administrator_id`);

--
-- Индексы таблицы `user`
--
ALTER TABLE `user`
  ADD PRIMARY KEY (`user_id`),
  ADD UNIQUE KEY `username` (`username`(80)),
  ADD UNIQUE KEY `password_hash` (`password_hash`(80)),
  ADD UNIQUE KEY `e-mail` (`e-mail`(80));

--
-- Индексы таблицы `worker`
--
ALTER TABLE `worker`
  ADD KEY `worker_id` (`worker_id`);

--
-- Индексы таблицы `workshop`
--
ALTER TABLE `workshop`
  ADD PRIMARY KEY (`workshop_id`);

--
-- Индексы таблицы `workshop_worker`
--
ALTER TABLE `workshop_worker`
  ADD KEY `workshop_worker_id` (`workshop_worker_id`),
  ADD KEY `workshop_id` (`workshop_id`);

--
-- AUTO_INCREMENT для сохранённых таблиц
--

--
-- AUTO_INCREMENT для таблицы `battery`
--
ALTER TABLE `battery`
  MODIFY `battery_id` int(11) NOT NULL AUTO_INCREMENT, AUTO_INCREMENT=52;
--
-- AUTO_INCREMENT для таблицы `charge_station`
--
ALTER TABLE `charge_station`
  MODIFY `station_id` int(11) NOT NULL AUTO_INCREMENT, AUTO_INCREMENT=21;
--
-- AUTO_INCREMENT для таблицы `customer`
--
ALTER TABLE `customer`
  MODIFY `customer_id` int(11) NOT NULL AUTO_INCREMENT, AUTO_INCREMENT=11412;
--
-- AUTO_INCREMENT для таблицы `hr_worker`
--
ALTER TABLE `hr_worker`
  MODIFY `hr_worker_id` int(11) NOT NULL AUTO_INCREMENT;
--
-- AUTO_INCREMENT для таблицы `maitenance_check`
--
ALTER TABLE `maitenance_check`
  MODIFY `check_id` int(11) NOT NULL AUTO_INCREMENT, AUTO_INCREMENT=68;
--
-- AUTO_INCREMENT для таблицы `model`
--
ALTER TABLE `model`
  MODIFY `model_id` int(11) NOT NULL AUTO_INCREMENT, AUTO_INCREMENT=11;
--
-- AUTO_INCREMENT для таблицы `odometer_readings`
--
ALTER TABLE `odometer_readings`
  MODIFY `reading_id` int(11) NOT NULL AUTO_INCREMENT, AUTO_INCREMENT=91;
--
-- AUTO_INCREMENT для таблицы `operator`
--
ALTER TABLE `operator`
  MODIFY `operator_id` int(11) NOT NULL AUTO_INCREMENT;
--
-- AUTO_INCREMENT для таблицы `order`
--
ALTER TABLE `order`
  MODIFY `order_id` int(11) NOT NULL AUTO_INCREMENT, AUTO_INCREMENT=203;
--
-- AUTO_INCREMENT для таблицы `part`
--
ALTER TABLE `part`
  MODIFY `part_id` int(11) NOT NULL AUTO_INCREMENT, AUTO_INCREMENT=501;
--
-- AUTO_INCREMENT для таблицы `parts_at_workshop_storage`
--
ALTER TABLE `parts_at_workshop_storage`
  MODIFY `workshop_id` int(11) NOT NULL AUTO_INCREMENT, AUTO_INCREMENT=6;
--
-- AUTO_INCREMENT для таблицы `part_type`
--
ALTER TABLE `part_type`
  MODIFY `type_id` int(11) NOT NULL AUTO_INCREMENT, AUTO_INCREMENT=101;
--
-- AUTO_INCREMENT для таблицы `provider`
--
ALTER TABLE `provider`
  MODIFY `provider_id` int(11) NOT NULL AUTO_INCREMENT, AUTO_INCREMENT=9911;
--
-- AUTO_INCREMENT для таблицы `provision`
--
ALTER TABLE `provision`
  MODIFY `provision_id` int(11) NOT NULL AUTO_INCREMENT, AUTO_INCREMENT=79;
--
-- AUTO_INCREMENT для таблицы `repair`
--
ALTER TABLE `repair`
  MODIFY `repair_id` int(11) NOT NULL AUTO_INCREMENT, AUTO_INCREMENT=71;
--
-- AUTO_INCREMENT для таблицы `socket`
--
ALTER TABLE `socket`
  MODIFY `socket_id` int(11) NOT NULL AUTO_INCREMENT, AUTO_INCREMENT=81;
--
-- AUTO_INCREMENT для таблицы `system_administrator`
--
ALTER TABLE `system_administrator`
  MODIFY `system_administrator_id` int(11) NOT NULL AUTO_INCREMENT;
--
-- AUTO_INCREMENT для таблицы `user`
--
ALTER TABLE `user`
  MODIFY `user_id` int(11) NOT NULL AUTO_INCREMENT, AUTO_INCREMENT=11412;
--
-- AUTO_INCREMENT для таблицы `worker`
--
ALTER TABLE `worker`
  MODIFY `worker_id` int(11) NOT NULL AUTO_INCREMENT, AUTO_INCREMENT=10000;
--
-- AUTO_INCREMENT для таблицы `workshop`
--
ALTER TABLE `workshop`
  MODIFY `workshop_id` int(11) NOT NULL AUTO_INCREMENT, AUTO_INCREMENT=6;
--
-- Ограничения внешнего ключа сохраненных таблиц
--

--
-- Ограничения внешнего ключа таблицы `car`
--
ALTER TABLE `car`
  ADD CONSTRAINT `car_ibfk_1` FOREIGN KEY (`model_id`) REFERENCES `model` (`model_id`),
  ADD CONSTRAINT `car_ibfk_2` FOREIGN KEY (`battery_id`) REFERENCES `battery` (`battery_id`);

--
-- Ограничения внешнего ключа таблицы `car_assigned_to_order`
--
ALTER TABLE `car_assigned_to_order`
  ADD CONSTRAINT `car_assigned_to_order_ibfk_1` FOREIGN KEY (`order_id`) REFERENCES `order` (`order_id`);

--
-- Ограничения внешнего ключа таблицы `customer`
--
ALTER TABLE `customer`
  ADD CONSTRAINT `customer_ibfk_1` FOREIGN KEY (`customer_id`) REFERENCES `user` (`user_id`);

--
-- Ограничения внешнего ключа таблицы `customer_family_members`
--
ALTER TABLE `customer_family_members`
  ADD CONSTRAINT `customer_family_members_ibfk_1` FOREIGN KEY (`customer_id`) REFERENCES `customer` (`customer_id`);

--
-- Ограничения внешнего ключа таблицы `customer_precedents_history`
--
ALTER TABLE `customer_precedents_history`
  ADD CONSTRAINT `customer_precedents_history_ibfk_1` FOREIGN KEY (`customer_id`) REFERENCES `customer` (`customer_id`);

--
-- Ограничения внешнего ключа таблицы `hr_worker`
--
ALTER TABLE `hr_worker`
  ADD CONSTRAINT `hr_worker_ibfk_1` FOREIGN KEY (`hr_worker_id`) REFERENCES `worker` (`worker_id`);

--
-- Ограничения внешнего ключа таблицы `maitenance_check`
--
ALTER TABLE `maitenance_check`
  ADD CONSTRAINT `maitenance_check_ibfk_1` FOREIGN KEY (`workshop_id`) REFERENCES `workshop` (`workshop_id`);

--
-- Ограничения внешнего ключа таблицы `operator`
--
ALTER TABLE `operator`
  ADD CONSTRAINT `operator_ibfk_1` FOREIGN KEY (`operator_id`) REFERENCES `worker` (`worker_id`);

--
-- Ограничения внешнего ключа таблицы `order`
--
ALTER TABLE `order`
  ADD CONSTRAINT `order_ibfk_1` FOREIGN KEY (`customer_id`) REFERENCES `customer` (`customer_id`);

--
-- Ограничения внешнего ключа таблицы `order_data`
--
ALTER TABLE `order_data`
  ADD CONSTRAINT `order_data_ibfk_1` FOREIGN KEY (`order_id`) REFERENCES `order` (`order_id`);

--
-- Ограничения внешнего ключа таблицы `order_status`
--
ALTER TABLE `order_status`
  ADD CONSTRAINT `order_status_ibfk_1` FOREIGN KEY (`order_id`) REFERENCES `order` (`order_id`);

--
-- Ограничения внешнего ключа таблицы `part`
--
ALTER TABLE `part`
  ADD CONSTRAINT `part_ibfk_1` FOREIGN KEY (`part_type_id`) REFERENCES `part_type` (`type_id`);

--
-- Ограничения внешнего ключа таблицы `parts_at_workshop_storage`
--
ALTER TABLE `parts_at_workshop_storage`
  ADD CONSTRAINT `parts_at_workshop_storage_ibfk_1` FOREIGN KEY (`part_id`) REFERENCES `part` (`part_id`),
  ADD CONSTRAINT `parts_at_workshop_storage_ibfk_2` FOREIGN KEY (`workshop_id`) REFERENCES `workshop` (`workshop_id`);

--
-- Ограничения внешнего ключа таблицы `parts_used_in_repair`
--
ALTER TABLE `parts_used_in_repair`
  ADD CONSTRAINT `parts_used_in_repair_ibfk_1` FOREIGN KEY (`repair_id`) REFERENCES `repair` (`repair_id`),
  ADD CONSTRAINT `parts_used_in_repair_ibfk_2` FOREIGN KEY (`part_id`) REFERENCES `part` (`part_id`);

--
-- Ограничения внешнего ключа таблицы `part_type`
--
ALTER TABLE `part_type`
  ADD CONSTRAINT `part_type_ibfk_1` FOREIGN KEY (`model_id`) REFERENCES `model` (`model_id`);

--
-- Ограничения внешнего ключа таблицы `provided_parts`
--
ALTER TABLE `provided_parts`
  ADD CONSTRAINT `provided_parts_ibfk_1` FOREIGN KEY (`provision_id`) REFERENCES `provision` (`provision_id`),
  ADD CONSTRAINT `provided_parts_ibfk_2` FOREIGN KEY (`part_id`) REFERENCES `part` (`part_id`);

--
-- Ограничения внешнего ключа таблицы `provider`
--
ALTER TABLE `provider`
  ADD CONSTRAINT `provider_ibfk_1` FOREIGN KEY (`provider_id`) REFERENCES `worker` (`worker_id`);

--
-- Ограничения внешнего ключа таблицы `provision`
--
ALTER TABLE `provision`
  ADD CONSTRAINT `provision_ibfk_1` FOREIGN KEY (`provider_id`) REFERENCES `provider` (`provider_id`),
  ADD CONSTRAINT `provision_ibfk_2` FOREIGN KEY (`workshop_id`) REFERENCES `workshop` (`workshop_id`);

--
-- Ограничения внешнего ключа таблицы `recharge`
--
ALTER TABLE `recharge`
  ADD CONSTRAINT `recharge_ibfk_1` FOREIGN KEY (`battery_id`) REFERENCES `battery` (`battery_id`),
  ADD CONSTRAINT `recharge_ibfk_2` FOREIGN KEY (`station_id`) REFERENCES `charge_station` (`station_id`);

--
-- Ограничения внешнего ключа таблицы `repair`
--
ALTER TABLE `repair`
  ADD CONSTRAINT `repair_ibfk_1` FOREIGN KEY (`workshop_id`) REFERENCES `workshop` (`workshop_id`);

--
-- Ограничения внешнего ключа таблицы `socket`
--
ALTER TABLE `socket`
  ADD CONSTRAINT `socket_ibfk_1` FOREIGN KEY (`station_id`) REFERENCES `charge_station` (`station_id`);

--
-- Ограничения внешнего ключа таблицы `system_administrator`
--
ALTER TABLE `system_administrator`
  ADD CONSTRAINT `system_administrator_ibfk_1` FOREIGN KEY (`system_administrator_id`) REFERENCES `worker` (`worker_id`);

--
-- Ограничения внешнего ключа таблицы `worker`
--
ALTER TABLE `worker`
  ADD CONSTRAINT `worker_ibfk_1` FOREIGN KEY (`worker_id`) REFERENCES `user` (`user_id`);

--
-- Ограничения внешнего ключа таблицы `workshop_worker`
--
ALTER TABLE `workshop_worker`
  ADD CONSTRAINT `workshop_worker_ibfk_1` FOREIGN KEY (`workshop_worker_id`) REFERENCES `worker` (`worker_id`),
  ADD CONSTRAINT `workshop_worker_ibfk_2` FOREIGN KEY (`workshop_id`) REFERENCES `workshop` (`workshop_id`);

/*!40101 SET CHARACTER_SET_CLIENT=@OLD_CHARACTER_SET_CLIENT */;
/*!40101 SET CHARACTER_SET_RESULTS=@OLD_CHARACTER_SET_RESULTS */;
/*!40101 SET COLLATION_CONNECTION=@OLD_COLLATION_CONNECTION */;
